source,target,weight,text_unit_ids
ACCUSTOM,ANNOYANCE ENSUES,0.0008401194658445032,[0]
ACCUSTOM,CERTAIN UNDERSTANDING,0.0008401194658445032,[0]
ACCUSTOM,COMMON SENSE,0.0008401194658445032,[0]
ACCUSTOM,COSTLY DIET,0.0008401194658445032,[0]
ACCUSTOM,COSTLY FARE,0.0008401194658445032,[0]
ACCUSTOM,DEATH,0.0008401194658445032,[0]
ACCUSTOM,DEPRECATE LIFE,0.0008401194658445032,[0]
ACCUSTOM,DESTINY,0.0008401194658445032,[0]
ACCUSTOM,FAINT HOPE,0.0008401194658445032,[0]
ACCUSTOM,FALSE ASSUMPTIONS,0.0008401194658445032,[0]
ACCUSTOM,FEARS DEATH,0.0008401194658445032,[0]
ACCUSTOM,GOD,0.0008401194658445032,[0]
ACCUSTOM,GOOD END SPEAKS,0.0008401194658445032,[0]
ACCUSTOM,GOOD THING,0.0008401194658445032,[0]
ACCUSTOM,GOOD THINGS,0.0008401194658445032,[0]
ACCUSTOM,GROUNDLESS PAIN,0.0008401194658445032,[0]
ACCUSTOM,HADES,0.0008401194658445032,[0]
ACCUSTOM,HAPPY LIFE,0.0008401194658445032,[0]
ACCUSTOM,HUNGRY LIPS,0.0008401194658445032,[0]
ACCUSTOM,IMMORTAL BLESSINGS,0.0008401194658445032,[0]
ACCUSTOM,INEXPENSIVE DIET SUPPLIES,0.0008401194658445032,[0]
ACCUSTOM,LONG TIME,0.0008401194658445032,[0]
ACCUSTOM,LUXURIOUS TABLE,0.0008401194658445032,[0]
ACCUSTOM,NATIVE GOOD,0.0008401194658445032,[0]
ACCUSTOM,NATURAL PHILOSOPHERS,0.0008401194658445032,[0]
ACCUSTOM,NECESSARY DESIRES,0.0008401194658445032,[0]
ACCUSTOM,NECESSARY REQUIREMENTS,0.0008401194658445032,[0]
ACCUSTOM,NECESSITY DESTROYS RESPONSIBILITY,0.0008401194658445032,[0]
ACCUSTOM,OUTWARD THINGS,0.0008401194658445032,[0]
ACCUSTOM,OWN ACTIONS,0.0008401194658445032,[0]
ACCUSTOM,OWN AGENCY,0.0008401194658445032,[0]
ACCUSTOM,OWN GOOD QUALITIES,0.0008401194658445032,[0]
ACCUSTOM,PLAIN,0.0008401194658445032,[0]
ACCUSTOM,PLEASANT LIFE,0.0008401194658445032,[0]
ACCUSTOM,POSSIBLE PLEASURE,0.0008401194658445032,[0]
ACCUSTOM,PRECEPTS DAY,0.0008401194658445032,[0]
ACCUSTOM,PRECIOUS THING,0.0008401194658445032,[0]
ACCUSTOM,REASON PRUDENCE,0.0008401194658445032,[0]
ACCUSTOM,RIGHT LIFE,0.0008401194658445032,[0]
ACCUSTOM,RIGHT UNDERSTANDING,0.0008401194658445032,[0]
ACCUSTOM,SEARCH THEREOF,0.0008401194658445032,[0]
ACCUSTOM,SOBER REASONING,0.0008401194658445032,[0]
ACCUSTOM,SUCCESSFUL ISSUE,0.0008401194658445032,[0]
ACCUSTOM,SWEETEST ENJOYMENT,0.0008401194658445032,[0]
ACCUSTOM,TIME PEOPLE SHUN DEATH,0.0008401194658445032,[0]
ACCUSTOM,TRUE PRECONCEPTIONS,0.0008401194658445032,[0]
ACCUSTOM,UNBROKEN SUCCESSION,0.0008401194658445032,[0]
ACCUSTOM,WATER CONFER,0.0008401194658445032,[0]
ACCUSTOM,WISE PERSON,0.0008401194658445032,[0]
ANNOYANCE ENSUES,CERTAIN UNDERSTANDING,0.0008401194658445032,[0]
ANNOYANCE ENSUES,COMMON SENSE,0.0008401194658445032,[0]
ANNOYANCE ENSUES,COSTLY DIET,0.0008401194658445032,[0]
ANNOYANCE ENSUES,COSTLY FARE,0.0008401194658445032,[0]
ANNOYANCE ENSUES,DEATH,0.0008401194658445032,[0]
ANNOYANCE ENSUES,DEPRECATE LIFE,0.0008401194658445032,[0]
ANNOYANCE ENSUES,DESTINY,0.0008401194658445032,[0]
ANNOYANCE ENSUES,FAINT HOPE,0.0008401194658445032,[0]
ANNOYANCE ENSUES,FALSE ASSUMPTIONS,0.0008401194658445032,[0]
ANNOYANCE ENSUES,FEARS DEATH,0.0008401194658445032,[0]
ANNOYANCE ENSUES,GOD,0.0008401194658445032,[0]
ANNOYANCE ENSUES,GOOD END SPEAKS,0.0008401194658445032,[0]
ANNOYANCE ENSUES,GOOD THING,0.0008401194658445032,[0]
ANNOYANCE ENSUES,GOOD THINGS,0.0008401194658445032,[0]
ANNOYANCE ENSUES,GROUNDLESS PAIN,0.0008401194658445032,[0]
ANNOYANCE ENSUES,HADES,0.0008401194658445032,[0]
ANNOYANCE ENSUES,HAPPY LIFE,0.0008401194658445032,[0]
ANNOYANCE ENSUES,HUNGRY LIPS,0.0008401194658445032,[0]
ANNOYANCE ENSUES,IMMORTAL BLESSINGS,0.0008401194658445032,[0]
ANNOYANCE ENSUES,INEXPENSIVE DIET SUPPLIES,0.0008401194658445032,[0]
ANNOYANCE ENSUES,LONG TIME,0.0008401194658445032,[0]
ANNOYANCE ENSUES,LUXURIOUS TABLE,0.0008401194658445032,[0]
ANNOYANCE ENSUES,NATIVE GOOD,0.0008401194658445032,[0]
ANNOYANCE ENSUES,NATURAL PHILOSOPHERS,0.0008401194658445032,[0]
ANNOYANCE ENSUES,NECESSARY DESIRES,0.0008401194658445032,[0]
ANNOYANCE ENSUES,NECESSARY REQUIREMENTS,0.0008401194658445032,[0]
ANNOYANCE ENSUES,NECESSITY DESTROYS RESPONSIBILITY,0.0008401194658445032,[0]
ANNOYANCE ENSUES,OUTWARD THINGS,0.0008401194658445032,[0]
ANNOYANCE ENSUES,OWN ACTIONS,0.0008401194658445032,[0]
ANNOYANCE ENSUES,OWN AGENCY,0.0008401194658445032,[0]
ANNOYANCE ENSUES,OWN GOOD QUALITIES,0.0008401194658445032,[0]
ANNOYANCE ENSUES,PLAIN,0.0008401194658445032,[0]
ANNOYANCE ENSUES,PLEASANT LIFE,0.0008401194658445032,[0]
ANNOYANCE ENSUES,POSSIBLE PLEASURE,0.0008401194658445032,[0]
ANNOYANCE ENSUES,PRECEPTS DAY,0.0008401194658445032,[0]
ANNOYANCE ENSUES,PRECIOUS THING,0.0008401194658445032,[0]
ANNOYANCE ENSUES,REASON PRUDENCE,0.0008401194658445032,[0]
ANNOYANCE ENSUES,RIGHT LIFE,0.0008401194658445032,[0]
ANNOYANCE ENSUES,RIGHT UNDERSTANDING,0.0008401194658445032,[0]
ANNOYANCE ENSUES,SEARCH THEREOF,0.0008401194658445032,[0]
ANNOYANCE ENSUES,SOBER REASONING,0.0008401194658445032,[0]
ANNOYANCE ENSUES,SUCCESSFUL ISSUE,0.0008401194658445032,[0]
ANNOYANCE ENSUES,SWEETEST ENJOYMENT,0.0008401194658445032,[0]
ANNOYANCE ENSUES,TIME PEOPLE SHUN DEATH,0.0008401194658445032,[0]
ANNOYANCE ENSUES,TRUE PRECONCEPTIONS,0.0008401194658445032,[0]
ANNOYANCE ENSUES,UNBROKEN SUCCESSION,0.0008401194658445032,[0]
ANNOYANCE ENSUES,WATER CONFER,0.0008401194658445032,[0]
ANNOYANCE ENSUES,WISE PERSON,0.0008401194658445032,[0]
CERTAIN UNDERSTANDING,COMMON SENSE,0.0008401194658445032,[0]
CERTAIN UNDERSTANDING,COSTLY DIET,0.0008401194658445032,[0]
CERTAIN UNDERSTANDING,COSTLY FARE,0.0008401194658445032,[0]
CERTAIN UNDERSTANDING,DEATH,0.0008401194658445032,[0]
CERTAIN UNDERSTANDING,DEPRECATE LIFE,0.0008401194658445032,[0]
CERTAIN UNDERSTANDING,DESTINY,0.0008401194658445032,[0]
CERTAIN UNDERSTANDING,FAINT HOPE,0.0008401194658445032,[0]
CERTAIN UNDERSTANDING,FALSE ASSUMPTIONS,0.0008401194658445032,[0]
CERTAIN UNDERSTANDING,FEARS DEATH,0.0008401194658445032,[0]
CERTAIN UNDERSTANDING,GOD,0.0008401194658445032,[0]
CERTAIN UNDERSTANDING,GOOD END SPEAKS,0.0008401194658445032,[0]
CERTAIN UNDERSTANDING,GOOD THING,0.0008401194658445032,[0]
CERTAIN UNDERSTANDING,GOOD THINGS,0.0008401194658445032,[0]
CERTAIN UNDERSTANDING,GROUNDLESS PAIN,0.0008401194658445032,[0]
CERTAIN UNDERSTANDING,HADES,0.0008401194658445032,[0]
CERTAIN UNDERSTANDING,HAPPY LIFE,0.0008401194658445032,[0]
CERTAIN UNDERSTANDING,HUNGRY LIPS,0.0008401194658445032,[0]
CERTAIN UNDERSTANDING,IMMORTAL BLESSINGS,0.0008401194658445032,[0]
CERTAIN UNDERSTANDING,INEXPENSIVE DIET SUPPLIES,0.0008401194658445032,[0]
CERTAIN UNDERSTANDING,LONG TIME,0.0008401194658445032,[0]
CERTAIN UNDERSTANDING,LUXURIOUS TABLE,0.0008401194658445032,[0]
CERTAIN UNDERSTANDING,NATIVE GOOD,0.0008401194658445032,[0]
CERTAIN UNDERSTANDING,NATURAL PHILOSOPHERS,0.0008401194658445032,[0]
CERTAIN UNDERSTANDING,NECESSARY DESIRES,0.0008401194658445032,[0]
CERTAIN UNDERSTANDING,NECESSARY REQUIREMENTS,0.0008401194658445032,[0]
CERTAIN UNDERSTANDING,NECESSITY DESTROYS RESPONSIBILITY,0.0008401194658445032,[0]
CERTAIN UNDERSTANDING,OUTWARD THINGS,0.0008401194658445032,[0]
CERTAIN UNDERSTANDING,OWN ACTIONS,0.0008401194658445032,[0]
CERTAIN UNDERSTANDING,OWN AGENCY,0.0008401194658445032,[0]
CERTAIN UNDERSTANDING,OWN GOOD QUALITIES,0.0008401194658445032,[0]
CERTAIN UNDERSTANDING,PLAIN,0.0008401194658445032,[0]
CERTAIN UNDERSTANDING,PLEASANT LIFE,0.0008401194658445032,[0]
CERTAIN UNDERSTANDING,POSSIBLE PLEASURE,0.0008401194658445032,[0]
CERTAIN UNDERSTANDING,PRECEPTS DAY,0.0008401194658445032,[0]
CERTAIN UNDERSTANDING,PRECIOUS THING,0.0008401194658445032,[0]
CERTAIN UNDERSTANDING,REASON PRUDENCE,0.0008401194658445032,[0]
CERTAIN UNDERSTANDING,RIGHT LIFE,0.0008401194658445032,[0]
CERTAIN UNDERSTANDING,RIGHT UNDERSTANDING,0.0008401194658445032,[0]
CERTAIN UNDERSTANDING,SEARCH THEREOF,0.0008401194658445032,[0]
CERTAIN UNDERSTANDING,SOBER REASONING,0.0008401194658445032,[0]
CERTAIN UNDERSTANDING,SUCCESSFUL ISSUE,0.0008401194658445032,[0]
CERTAIN UNDERSTANDING,SWEETEST ENJOYMENT,0.0008401194658445032,[0]
CERTAIN UNDERSTANDING,TIME PEOPLE SHUN DEATH,0.0008401194658445032,[0]
CERTAIN UNDERSTANDING,TRUE PRECONCEPTIONS,0.0008401194658445032,[0]
CERTAIN UNDERSTANDING,UNBROKEN SUCCESSION,0.0008401194658445032,[0]
CERTAIN UNDERSTANDING,WATER CONFER,0.0008401194658445032,[0]
CERTAIN UNDERSTANDING,WISE PERSON,0.0008401194658445032,[0]
COMMON SENSE,COSTLY DIET,0.0008401194658445032,[0]
COMMON SENSE,COSTLY FARE,0.0008401194658445032,[0]
COMMON SENSE,DEATH,0.0008401194658445032,[0]
COMMON SENSE,DEPRECATE LIFE,0.0008401194658445032,[0]
COMMON SENSE,DESTINY,0.0008401194658445032,[0]
COMMON SENSE,FAINT HOPE,0.0008401194658445032,[0]
COMMON SENSE,FALSE ASSUMPTIONS,0.0008401194658445032,[0]
COMMON SENSE,FEARS DEATH,0.0008401194658445032,[0]
COMMON SENSE,GOD,0.0008401194658445032,[0]
COMMON SENSE,GOOD END SPEAKS,0.0008401194658445032,[0]
COMMON SENSE,GOOD THING,0.0008401194658445032,[0]
COMMON SENSE,GOOD THINGS,0.0008401194658445032,[0]
COMMON SENSE,GROUNDLESS PAIN,0.0008401194658445032,[0]
COMMON SENSE,HADES,0.0008401194658445032,[0]
COMMON SENSE,HAPPY LIFE,0.0008401194658445032,[0]
COMMON SENSE,HUNGRY LIPS,0.0008401194658445032,[0]
COMMON SENSE,IMMORTAL BLESSINGS,0.0008401194658445032,[0]
COMMON SENSE,INEXPENSIVE DIET SUPPLIES,0.0008401194658445032,[0]
COMMON SENSE,LONG TIME,0.0008401194658445032,[0]
COMMON SENSE,LUXURIOUS TABLE,0.0008401194658445032,[0]
COMMON SENSE,NATIVE GOOD,0.0008401194658445032,[0]
COMMON SENSE,NATURAL PHILOSOPHERS,0.0008401194658445032,[0]
COMMON SENSE,NECESSARY DESIRES,0.0008401194658445032,[0]
COMMON SENSE,NECESSARY REQUIREMENTS,0.0008401194658445032,[0]
COMMON SENSE,NECESSITY DESTROYS RESPONSIBILITY,0.0008401194658445032,[0]
COMMON SENSE,OUTWARD THINGS,0.0008401194658445032,[0]
COMMON SENSE,OWN ACTIONS,0.0008401194658445032,[0]
COMMON SENSE,OWN AGENCY,0.0008401194658445032,[0]
COMMON SENSE,OWN GOOD QUALITIES,0.0008401194658445032,[0]
COMMON SENSE,PLAIN,0.0008401194658445032,[0]
COMMON SENSE,PLEASANT LIFE,0.0008401194658445032,[0]
COMMON SENSE,POSSIBLE PLEASURE,0.0008401194658445032,[0]
COMMON SENSE,PRECEPTS DAY,0.0008401194658445032,[0]
COMMON SENSE,PRECIOUS THING,0.0008401194658445032,[0]
COMMON SENSE,REASON PRUDENCE,0.0008401194658445032,[0]
COMMON SENSE,RIGHT LIFE,0.0008401194658445032,[0]
COMMON SENSE,RIGHT UNDERSTANDING,0.0008401194658445032,[0]
COMMON SENSE,SEARCH THEREOF,0.0008401194658445032,[0]
COMMON SENSE,SOBER REASONING,0.0008401194658445032,[0]
COMMON SENSE,SUCCESSFUL ISSUE,0.0008401194658445032,[0]
COMMON SENSE,SWEETEST ENJOYMENT,0.0008401194658445032,[0]
COMMON SENSE,TIME PEOPLE SHUN DEATH,0.0008401194658445032,[0]
COMMON SENSE,TRUE PRECONCEPTIONS,0.0008401194658445032,[0]
COMMON SENSE,UNBROKEN SUCCESSION,0.0008401194658445032,[0]
COMMON SENSE,WATER CONFER,0.0008401194658445032,[0]
COMMON SENSE,WISE PERSON,0.0008401194658445032,[0]
COSTLY DIET,COSTLY FARE,0.0008401194658445032,[0]
COSTLY DIET,DEATH,0.0008401194658445032,[0]
COSTLY DIET,DEPRECATE LIFE,0.0008401194658445032,[0]
COSTLY DIET,DESTINY,0.0008401194658445032,[0]
COSTLY DIET,FAINT HOPE,0.0008401194658445032,[0]
COSTLY DIET,FALSE ASSUMPTIONS,0.0008401194658445032,[0]
COSTLY DIET,FEARS DEATH,0.0008401194658445032,[0]
COSTLY DIET,GOD,0.0008401194658445032,[0]
COSTLY DIET,GOOD END SPEAKS,0.0008401194658445032,[0]
COSTLY DIET,GOOD THING,0.0008401194658445032,[0]
COSTLY DIET,GOOD THINGS,0.0008401194658445032,[0]
COSTLY DIET,GROUNDLESS PAIN,0.0008401194658445032,[0]
COSTLY DIET,HADES,0.0008401194658445032,[0]
COSTLY DIET,HAPPY LIFE,0.0008401194658445032,[0]
COSTLY DIET,HUNGRY LIPS,0.0008401194658445032,[0]
COSTLY DIET,IMMORTAL BLESSINGS,0.0008401194658445032,[0]
COSTLY DIET,INEXPENSIVE DIET SUPPLIES,0.0008401194658445032,[0]
COSTLY DIET,LONG TIME,0.0008401194658445032,[0]
COSTLY DIET,LUXURIOUS TABLE,0.0008401194658445032,[0]
COSTLY DIET,NATIVE GOOD,0.0008401194658445032,[0]
COSTLY DIET,NATURAL PHILOSOPHERS,0.0008401194658445032,[0]
COSTLY DIET,NECESSARY DESIRES,0.0008401194658445032,[0]
COSTLY DIET,NECESSARY REQUIREMENTS,0.0008401194658445032,[0]
COSTLY DIET,NECESSITY DESTROYS RESPONSIBILITY,0.0008401194658445032,[0]
COSTLY DIET,OUTWARD THINGS,0.0008401194658445032,[0]
COSTLY DIET,OWN ACTIONS,0.0008401194658445032,[0]
COSTLY DIET,OWN AGENCY,0.0008401194658445032,[0]
COSTLY DIET,OWN GOOD QUALITIES,0.0008401194658445032,[0]
COSTLY DIET,PLAIN,0.0008401194658445032,[0]
COSTLY DIET,PLEASANT LIFE,0.0008401194658445032,[0]
COSTLY DIET,POSSIBLE PLEASURE,0.0008401194658445032,[0]
COSTLY DIET,PRECEPTS DAY,0.0008401194658445032,[0]
COSTLY DIET,PRECIOUS THING,0.0008401194658445032,[0]
COSTLY DIET,REASON PRUDENCE,0.0008401194658445032,[0]
COSTLY DIET,RIGHT LIFE,0.0008401194658445032,[0]
COSTLY DIET,RIGHT UNDERSTANDING,0.0008401194658445032,[0]
COSTLY DIET,SEARCH THEREOF,0.0008401194658445032,[0]
COSTLY DIET,SOBER REASONING,0.0008401194658445032,[0]
COSTLY DIET,SUCCESSFUL ISSUE,0.0008401194658445032,[0]
COSTLY DIET,SWEETEST ENJOYMENT,0.0008401194658445032,[0]
COSTLY DIET,TIME PEOPLE SHUN DEATH,0.0008401194658445032,[0]
COSTLY DIET,TRUE PRECONCEPTIONS,0.0008401194658445032,[0]
COSTLY DIET,UNBROKEN SUCCESSION,0.0008401194658445032,[0]
COSTLY DIET,WATER CONFER,0.0008401194658445032,[0]
COSTLY DIET,WISE PERSON,0.0008401194658445032,[0]
COSTLY FARE,DEATH,0.0008401194658445032,[0]
COSTLY FARE,DEPRECATE LIFE,0.0008401194658445032,[0]
COSTLY FARE,DESTINY,0.0008401194658445032,[0]
COSTLY FARE,FAINT HOPE,0.0008401194658445032,[0]
COSTLY FARE,FALSE ASSUMPTIONS,0.0008401194658445032,[0]
COSTLY FARE,FEARS DEATH,0.0008401194658445032,[0]
COSTLY FARE,GOD,0.0008401194658445032,[0]
COSTLY FARE,GOOD END SPEAKS,0.0008401194658445032,[0]
COSTLY FARE,GOOD THING,0.0008401194658445032,[0]
COSTLY FARE,GOOD THINGS,0.0008401194658445032,[0]
COSTLY FARE,GROUNDLESS PAIN,0.0008401194658445032,[0]
COSTLY FARE,HADES,0.0008401194658445032,[0]
COSTLY FARE,HAPPY LIFE,0.0008401194658445032,[0]
COSTLY FARE,HUNGRY LIPS,0.0008401194658445032,[0]
COSTLY FARE,IMMORTAL BLESSINGS,0.0008401194658445032,[0]
COSTLY FARE,INEXPENSIVE DIET SUPPLIES,0.0008401194658445032,[0]
COSTLY FARE,LONG TIME,0.0008401194658445032,[0]
COSTLY FARE,LUXURIOUS TABLE,0.0008401194658445032,[0]
COSTLY FARE,NATIVE GOOD,0.0008401194658445032,[0]
COSTLY FARE,NATURAL PHILOSOPHERS,0.0008401194658445032,[0]
COSTLY FARE,NECESSARY DESIRES,0.0008401194658445032,[0]
COSTLY FARE,NECESSARY REQUIREMENTS,0.0008401194658445032,[0]
COSTLY FARE,NECESSITY DESTROYS RESPONSIBILITY,0.0008401194658445032,[0]
COSTLY FARE,OUTWARD THINGS,0.0008401194658445032,[0]
COSTLY FARE,OWN ACTIONS,0.0008401194658445032,[0]
COSTLY FARE,OWN AGENCY,0.0008401194658445032,[0]
COSTLY FARE,OWN GOOD QUALITIES,0.0008401194658445032,[0]
COSTLY FARE,PLAIN,0.0008401194658445032,[0]
COSTLY FARE,PLEASANT LIFE,0.0008401194658445032,[0]
COSTLY FARE,POSSIBLE PLEASURE,0.0008401194658445032,[0]
COSTLY FARE,PRECEPTS DAY,0.0008401194658445032,[0]
COSTLY FARE,PRECIOUS THING,0.0008401194658445032,[0]
COSTLY FARE,REASON PRUDENCE,0.0008401194658445032,[0]
COSTLY FARE,RIGHT LIFE,0.0008401194658445032,[0]
COSTLY FARE,RIGHT UNDERSTANDING,0.0008401194658445032,[0]
COSTLY FARE,SEARCH THEREOF,0.0008401194658445032,[0]
COSTLY FARE,SOBER REASONING,0.0008401194658445032,[0]
COSTLY FARE,SUCCESSFUL ISSUE,0.0008401194658445032,[0]
COSTLY FARE,SWEETEST ENJOYMENT,0.0008401194658445032,[0]
COSTLY FARE,TIME PEOPLE SHUN DEATH,0.0008401194658445032,[0]
COSTLY FARE,TRUE PRECONCEPTIONS,0.0008401194658445032,[0]
COSTLY FARE,UNBROKEN SUCCESSION,0.0008401194658445032,[0]
COSTLY FARE,WATER CONFER,0.0008401194658445032,[0]
COSTLY FARE,WISE PERSON,0.0008401194658445032,[0]
DEATH,DEPRECATE LIFE,0.0008401194658445032,[0]
DEATH,DESTINY,0.0008401194658445032,[0]
DEATH,FAINT HOPE,0.0008401194658445032,[0]
DEATH,FALSE ASSUMPTIONS,0.0008401194658445032,[0]
DEATH,FEARS DEATH,0.0008401194658445032,[0]
DEATH,GOD,0.0008401194658445032,[0]
DEATH,GOOD END SPEAKS,0.0008401194658445032,[0]
DEATH,GOOD THING,0.0008401194658445032,[0]
DEATH,GOOD THINGS,0.0008401194658445032,[0]
DEATH,GROUNDLESS PAIN,0.0008401194658445032,[0]
DEATH,HADES,0.0008401194658445032,[0]
DEATH,HAPPY LIFE,0.0008401194658445032,[0]
DEATH,HUNGRY LIPS,0.0008401194658445032,[0]
DEATH,IMMORTAL BLESSINGS,0.0008401194658445032,[0]
DEATH,INEXPENSIVE DIET SUPPLIES,0.0008401194658445032,[0]
DEATH,LONG TIME,0.0008401194658445032,[0]
DEATH,LUXURIOUS TABLE,0.0008401194658445032,[0]
DEATH,NATIVE GOOD,0.0008401194658445032,[0]
DEATH,NATURAL PHILOSOPHERS,0.0008401194658445032,[0]
DEATH,NECESSARY DESIRES,0.0008401194658445032,[0]
DEATH,NECESSARY REQUIREMENTS,0.0008401194658445032,[0]
DEATH,NECESSITY DESTROYS RESPONSIBILITY,0.0008401194658445032,[0]
DEATH,OUTWARD THINGS,0.0008401194658445032,[0]
DEATH,OWN ACTIONS,0.0008401194658445032,[0]
DEATH,OWN AGENCY,0.0008401194658445032,[0]
DEATH,OWN GOOD QUALITIES,0.0008401194658445032,[0]
DEATH,PLAIN,0.0008401194658445032,[0]
DEATH,PLEASANT LIFE,0.0008401194658445032,[0]
DEATH,POSSIBLE PLEASURE,0.0008401194658445032,[0]
DEATH,PRECEPTS DAY,0.0008401194658445032,[0]
DEATH,PRECIOUS THING,0.0008401194658445032,[0]
DEATH,REASON PRUDENCE,0.0008401194658445032,[0]
DEATH,RIGHT LIFE,0.0008401194658445032,[0]
DEATH,RIGHT UNDERSTANDING,0.0008401194658445032,[0]
DEATH,SEARCH THEREOF,0.0008401194658445032,[0]
DEATH,SOBER REASONING,0.0008401194658445032,[0]
DEATH,SUCCESSFUL ISSUE,0.0008401194658445032,[0]
DEATH,SWEETEST ENJOYMENT,0.0008401194658445032,[0]
DEATH,TIME PEOPLE SHUN DEATH,0.0008401194658445032,[0]
DEATH,TRUE PRECONCEPTIONS,0.0008401194658445032,[0]
DEATH,UNBROKEN SUCCESSION,0.0008401194658445032,[0]
DEATH,WATER CONFER,0.0008401194658445032,[0]
DEATH,WISE PERSON,0.0008401194658445032,[0]
DEPRECATE LIFE,DESTINY,0.0008401194658445032,[0]
DEPRECATE LIFE,FAINT HOPE,0.0008401194658445032,[0]
DEPRECATE LIFE,FALSE ASSUMPTIONS,0.0008401194658445032,[0]
DEPRECATE LIFE,FEARS DEATH,0.0008401194658445032,[0]
DEPRECATE LIFE,GOD,0.0008401194658445032,[0]
DEPRECATE LIFE,GOOD END SPEAKS,0.0008401194658445032,[0]
DEPRECATE LIFE,GOOD THING,0.0008401194658445032,[0]
DEPRECATE LIFE,GOOD THINGS,0.0008401194658445032,[0]
DEPRECATE LIFE,GROUNDLESS PAIN,0.0008401194658445032,[0]
DEPRECATE LIFE,HADES,0.0008401194658445032,[0]
DEPRECATE LIFE,HAPPY LIFE,0.0008401194658445032,[0]
DEPRECATE LIFE,HUNGRY LIPS,0.0008401194658445032,[0]
DEPRECATE LIFE,IMMORTAL BLESSINGS,0.0008401194658445032,[0]
DEPRECATE LIFE,INEXPENSIVE DIET SUPPLIES,0.0008401194658445032,[0]
DEPRECATE LIFE,LONG TIME,0.0008401194658445032,[0]
DEPRECATE LIFE,LUXURIOUS TABLE,0.0008401194658445032,[0]
DEPRECATE LIFE,NATIVE GOOD,0.0008401194658445032,[0]
DEPRECATE LIFE,NATURAL PHILOSOPHERS,0.0008401194658445032,[0]
DEPRECATE LIFE,NECESSARY DESIRES,0.0008401194658445032,[0]
DEPRECATE LIFE,NECESSARY REQUIREMENTS,0.0008401194658445032,[0]
DEPRECATE LIFE,NECESSITY DESTROYS RESPONSIBILITY,0.0008401194658445032,[0]
DEPRECATE LIFE,OUTWARD THINGS,0.0008401194658445032,[0]
DEPRECATE LIFE,OWN ACTIONS,0.0008401194658445032,[0]
DEPRECATE LIFE,OWN AGENCY,0.0008401194658445032,[0]
DEPRECATE LIFE,OWN GOOD QUALITIES,0.0008401194658445032,[0]
DEPRECATE LIFE,PLAIN,0.0008401194658445032,[0]
DEPRECATE LIFE,PLEASANT LIFE,0.0008401194658445032,[0]
DEPRECATE LIFE,POSSIBLE PLEASURE,0.0008401194658445032,[0]
DEPRECATE LIFE,PRECEPTS DAY,0.0008401194658445032,[0]
DEPRECATE LIFE,PRECIOUS THING,0.0008401194658445032,[0]
DEPRECATE LIFE,REASON PRUDENCE,0.0008401194658445032,[0]
DEPRECATE LIFE,RIGHT LIFE,0.0008401194658445032,[0]
DEPRECATE LIFE,RIGHT UNDERSTANDING,0.0008401194658445032,[0]
DEPRECATE LIFE,SEARCH THEREOF,0.0008401194658445032,[0]
DEPRECATE LIFE,SOBER REASONING,0.0008401194658445032,[0]
DEPRECATE LIFE,SUCCESSFUL ISSUE,0.0008401194658445032,[0]
DEPRECATE LIFE,SWEETEST ENJOYMENT,0.0008401194658445032,[0]
DEPRECATE LIFE,TIME PEOPLE SHUN DEATH,0.0008401194658445032,[0]
DEPRECATE LIFE,TRUE PRECONCEPTIONS,0.0008401194658445032,[0]
DEPRECATE LIFE,UNBROKEN SUCCESSION,0.0008401194658445032,[0]
DEPRECATE LIFE,WATER CONFER,0.0008401194658445032,[0]
DEPRECATE LIFE,WISE PERSON,0.0008401194658445032,[0]
DESTINY,FAINT HOPE,0.0008401194658445032,[0]
DESTINY,FALSE ASSUMPTIONS,0.0008401194658445032,[0]
DESTINY,FEARS DEATH,0.0008401194658445032,[0]
DESTINY,GOD,0.0008401194658445032,[0]
DESTINY,GOOD END SPEAKS,0.0008401194658445032,[0]
DESTINY,GOOD THING,0.0008401194658445032,[0]
DESTINY,GOOD THINGS,0.0008401194658445032,[0]
DESTINY,GROUNDLESS PAIN,0.0008401194658445032,[0]
DESTINY,HADES,0.0008401194658445032,[0]
DESTINY,HAPPY LIFE,0.0008401194658445032,[0]
DESTINY,HUNGRY LIPS,0.0008401194658445032,[0]
DESTINY,IMMORTAL BLESSINGS,0.0008401194658445032,[0]
DESTINY,INEXPENSIVE DIET SUPPLIES,0.0008401194658445032,[0]
DESTINY,LONG TIME,0.0008401194658445032,[0]
DESTINY,LUXURIOUS TABLE,0.0008401194658445032,[0]
DESTINY,NATIVE GOOD,0.0008401194658445032,[0]
DESTINY,NATURAL PHILOSOPHERS,0.0008401194658445032,[0]
DESTINY,NECESSARY DESIRES,0.0008401194658445032,[0]
DESTINY,NECESSARY REQUIREMENTS,0.0008401194658445032,[0]
DESTINY,NECESSITY DESTROYS RESPONSIBILITY,0.0008401194658445032,[0]
DESTINY,OUTWARD THINGS,0.0008401194658445032,[0]
DESTINY,OWN ACTIONS,0.0008401194658445032,[0]
DESTINY,OWN AGENCY,0.0008401194658445032,[0]
DESTINY,OWN GOOD QUALITIES,0.0008401194658445032,[0]
DESTINY,PLAIN,0.0008401194658445032,[0]
DESTINY,PLEASANT LIFE,0.0008401194658445032,[0]
DESTINY,POSSIBLE PLEASURE,0.0008401194658445032,[0]
DESTINY,PRECEPTS DAY,0.0008401194658445032,[0]
DESTINY,PRECIOUS THING,0.0008401194658445032,[0]
DESTINY,REASON PRUDENCE,0.0008401194658445032,[0]
DESTINY,RIGHT LIFE,0.0008401194658445032,[0]
DESTINY,RIGHT UNDERSTANDING,0.0008401194658445032,[0]
DESTINY,SEARCH THEREOF,0.0008401194658445032,[0]
DESTINY,SOBER REASONING,0.0008401194658445032,[0]
DESTINY,SUCCESSFUL ISSUE,0.0008401194658445032,[0]
DESTINY,SWEETEST ENJOYMENT,0.0008401194658445032,[0]
DESTINY,TIME PEOPLE SHUN DEATH,0.0008401194658445032,[0]
DESTINY,TRUE PRECONCEPTIONS,0.0008401194658445032,[0]
DESTINY,UNBROKEN SUCCESSION,0.0008401194658445032,[0]
DESTINY,WATER CONFER,0.0008401194658445032,[0]
DESTINY,WISE PERSON,0.0008401194658445032,[0]
FAINT HOPE,FALSE ASSUMPTIONS,0.0008401194658445032,[0]
FAINT HOPE,FEARS DEATH,0.0008401194658445032,[0]
FAINT HOPE,GOD,0.0008401194658445032,[0]
FAINT HOPE,GOOD END SPEAKS,0.0008401194658445032,[0]
FAINT HOPE,GOOD THING,0.0008401194658445032,[0]
FAINT HOPE,GOOD THINGS,0.0008401194658445032,[0]
FAINT HOPE,GROUNDLESS PAIN,0.0008401194658445032,[0]
FAINT HOPE,HADES,0.0008401194658445032,[0]
FAINT HOPE,HAPPY LIFE,0.0008401194658445032,[0]
FAINT HOPE,HUNGRY LIPS,0.0008401194658445032,[0]
FAINT HOPE,IMMORTAL BLESSINGS,0.0008401194658445032,[0]
FAINT HOPE,INEXPENSIVE DIET SUPPLIES,0.0008401194658445032,[0]
FAINT HOPE,LONG TIME,0.0008401194658445032,[0]
FAINT HOPE,LUXURIOUS TABLE,0.0008401194658445032,[0]
FAINT HOPE,NATIVE GOOD,0.0008401194658445032,[0]
FAINT HOPE,NATURAL PHILOSOPHERS,0.0008401194658445032,[0]
FAINT HOPE,NECESSARY DESIRES,0.0008401194658445032,[0]
FAINT HOPE,NECESSARY REQUIREMENTS,0.0008401194658445032,[0]
FAINT HOPE,NECESSITY DESTROYS RESPONSIBILITY,0.0008401194658445032,[0]
FAINT HOPE,OUTWARD THINGS,0.0008401194658445032,[0]
FAINT HOPE,OWN ACTIONS,0.0008401194658445032,[0]
FAINT HOPE,OWN AGENCY,0.0008401194658445032,[0]
FAINT HOPE,OWN GOOD QUALITIES,0.0008401194658445032,[0]
FAINT HOPE,PLAIN,0.0008401194658445032,[0]
FAINT HOPE,PLEASANT LIFE,0.0008401194658445032,[0]
FAINT HOPE,POSSIBLE PLEASURE,0.0008401194658445032,[0]
FAINT HOPE,PRECEPTS DAY,0.0008401194658445032,[0]
FAINT HOPE,PRECIOUS THING,0.0008401194658445032,[0]
FAINT HOPE,REASON PRUDENCE,0.0008401194658445032,[0]
FAINT HOPE,RIGHT LIFE,0.0008401194658445032,[0]
FAINT HOPE,RIGHT UNDERSTANDING,0.0008401194658445032,[0]
FAINT HOPE,SEARCH THEREOF,0.0008401194658445032,[0]
FAINT HOPE,SOBER REASONING,0.0008401194658445032,[0]
FAINT HOPE,SUCCESSFUL ISSUE,0.0008401194658445032,[0]
FAINT HOPE,SWEETEST ENJOYMENT,0.0008401194658445032,[0]
FAINT HOPE,TIME PEOPLE SHUN DEATH,0.0008401194658445032,[0]
FAINT HOPE,TRUE PRECONCEPTIONS,0.0008401194658445032,[0]
FAINT HOPE,UNBROKEN SUCCESSION,0.0008401194658445032,[0]
FAINT HOPE,WATER CONFER,0.0008401194658445032,[0]
FAINT HOPE,WISE PERSON,0.0008401194658445032,[0]
FALSE ASSUMPTIONS,FEARS DEATH,0.0008401194658445032,[0]
FALSE ASSUMPTIONS,GOD,0.0008401194658445032,[0]
FALSE ASSUMPTIONS,GOOD END SPEAKS,0.0008401194658445032,[0]
FALSE ASSUMPTIONS,GOOD THING,0.0008401194658445032,[0]
FALSE ASSUMPTIONS,GOOD THINGS,0.0008401194658445032,[0]
FALSE ASSUMPTIONS,GROUNDLESS PAIN,0.0008401194658445032,[0]
FALSE ASSUMPTIONS,HADES,0.0008401194658445032,[0]
FALSE ASSUMPTIONS,HAPPY LIFE,0.0008401194658445032,[0]
FALSE ASSUMPTIONS,HUNGRY LIPS,0.0008401194658445032,[0]
FALSE ASSUMPTIONS,IMMORTAL BLESSINGS,0.0008401194658445032,[0]
FALSE ASSUMPTIONS,INEXPENSIVE DIET SUPPLIES,0.0008401194658445032,[0]
FALSE ASSUMPTIONS,LONG TIME,0.0008401194658445032,[0]
FALSE ASSUMPTIONS,LUXURIOUS TABLE,0.0008401194658445032,[0]
FALSE ASSUMPTIONS,NATIVE GOOD,0.0008401194658445032,[0]
FALSE ASSUMPTIONS,NATURAL PHILOSOPHERS,0.0008401194658445032,[0]
FALSE ASSUMPTIONS,NECESSARY DESIRES,0.0008401194658445032,[0]
FALSE ASSUMPTIONS,NECESSARY REQUIREMENTS,0.0008401194658445032,[0]
FALSE ASSUMPTIONS,NECESSITY DESTROYS RESPONSIBILITY,0.0008401194658445032,[0]
FALSE ASSUMPTIONS,OUTWARD THINGS,0.0008401194658445032,[0]
FALSE ASSUMPTIONS,OWN ACTIONS,0.0008401194658445032,[0]
FALSE ASSUMPTIONS,OWN AGENCY,0.0008401194658445032,[0]
FALSE ASSUMPTIONS,OWN GOOD QUALITIES,0.0008401194658445032,[0]
FALSE ASSUMPTIONS,PLAIN,0.0008401194658445032,[0]
FALSE ASSUMPTIONS,PLEASANT LIFE,0.0008401194658445032,[0]
FALSE ASSUMPTIONS,POSSIBLE PLEASURE,0.0008401194658445032,[0]
FALSE ASSUMPTIONS,PRECEPTS DAY,0.0008401194658445032,[0]
FALSE ASSUMPTIONS,PRECIOUS THING,0.0008401194658445032,[0]
FALSE ASSUMPTIONS,REASON PRUDENCE,0.0008401194658445032,[0]
FALSE ASSUMPTIONS,RIGHT LIFE,0.0008401194658445032,[0]
FALSE ASSUMPTIONS,RIGHT UNDERSTANDING,0.0008401194658445032,[0]
FALSE ASSUMPTIONS,SEARCH THEREOF,0.0008401194658445032,[0]
FALSE ASSUMPTIONS,SOBER REASONING,0.0008401194658445032,[0]
FALSE ASSUMPTIONS,SUCCESSFUL ISSUE,0.0008401194658445032,[0]
FALSE ASSUMPTIONS,SWEETEST ENJOYMENT,0.0008401194658445032,[0]
FALSE ASSUMPTIONS,TIME PEOPLE SHUN DEATH,0.0008401194658445032,[0]
FALSE ASSUMPTIONS,TRUE PRECONCEPTIONS,0.0008401194658445032,[0]
FALSE ASSUMPTIONS,UNBROKEN SUCCESSION,0.0008401194658445032,[0]
FALSE ASSUMPTIONS,WATER CONFER,0.0008401194658445032,[0]
FALSE ASSUMPTIONS,WISE PERSON,0.0008401194658445032,[0]
FEARS DEATH,GOD,0.0008401194658445032,[0]
FEARS DEATH,GOOD END SPEAKS,0.0008401194658445032,[0]
FEARS DEATH,GOOD THING,0.0008401194658445032,[0]
FEARS DEATH,GOOD THINGS,0.0008401194658445032,[0]
FEARS DEATH,GROUNDLESS PAIN,0.0008401194658445032,[0]
FEARS DEATH,HADES,0.0008401194658445032,[0]
FEARS DEATH,HAPPY LIFE,0.0008401194658445032,[0]
FEARS DEATH,HUNGRY LIPS,0.0008401194658445032,[0]
FEARS DEATH,IMMORTAL BLESSINGS,0.0008401194658445032,[0]
FEARS DEATH,INEXPENSIVE DIET SUPPLIES,0.0008401194658445032,[0]
FEARS DEATH,LONG TIME,0.0008401194658445032,[0]
FEARS DEATH,LUXURIOUS TABLE,0.0008401194658445032,[0]
FEARS DEATH,NATIVE GOOD,0.0008401194658445032,[0]
FEARS DEATH,NATURAL PHILOSOPHERS,0.0008401194658445032,[0]
FEARS DEATH,NECESSARY DESIRES,0.0008401194658445032,[0]
FEARS DEATH,NECESSARY REQUIREMENTS,0.0008401194658445032,[0]
FEARS DEATH,NECESSITY DESTROYS RESPONSIBILITY,0.0008401194658445032,[0]
FEARS DEATH,OUTWARD THINGS,0.0008401194658445032,[0]
FEARS DEATH,OWN ACTIONS,0.0008401194658445032,[0]
FEARS DEATH,OWN AGENCY,0.0008401194658445032,[0]
FEARS DEATH,OWN GOOD QUALITIES,0.0008401194658445032,[0]
FEARS DEATH,PLAIN,0.0008401194658445032,[0]
FEARS DEATH,PLEASANT LIFE,0.0008401194658445032,[0]
FEARS DEATH,POSSIBLE PLEASURE,0.0008401194658445032,[0]
FEARS DEATH,PRECEPTS DAY,0.0008401194658445032,[0]
FEARS DEATH,PRECIOUS THING,0.0008401194658445032,[0]
FEARS DEATH,REASON PRUDENCE,0.0008401194658445032,[0]
FEARS DEATH,RIGHT LIFE,0.0008401194658445032,[0]
FEARS DEATH,RIGHT UNDERSTANDING,0.0008401194658445032,[0]
FEARS DEATH,SEARCH THEREOF,0.0008401194658445032,[0]
FEARS DEATH,SOBER REASONING,0.0008401194658445032,[0]
FEARS DEATH,SUCCESSFUL ISSUE,0.0008401194658445032,[0]
FEARS DEATH,SWEETEST ENJOYMENT,0.0008401194658445032,[0]
FEARS DEATH,TIME PEOPLE SHUN DEATH,0.0008401194658445032,[0]
FEARS DEATH,TRUE PRECONCEPTIONS,0.0008401194658445032,[0]
FEARS DEATH,UNBROKEN SUCCESSION,0.0008401194658445032,[0]
FEARS DEATH,WATER CONFER,0.0008401194658445032,[0]
FEARS DEATH,WISE PERSON,0.0008401194658445032,[0]
GOD,GOOD END SPEAKS,0.0008401194658445032,[0]
GOD,GOOD THING,0.0008401194658445032,[0]
GOD,GOOD THINGS,0.0008401194658445032,[0]
GOD,GROUNDLESS PAIN,0.0008401194658445032,[0]
GOD,HADES,0.0008401194658445032,[0]
GOD,HAPPY LIFE,0.0008401194658445032,[0]
GOD,HUNGRY LIPS,0.0008401194658445032,[0]
GOD,IMMORTAL BLESSINGS,0.0008401194658445032,[0]
GOD,INEXPENSIVE DIET SUPPLIES,0.0008401194658445032,[0]
GOD,LONG TIME,0.0008401194658445032,[0]
GOD,LUXURIOUS TABLE,0.0008401194658445032,[0]
GOD,NATIVE GOOD,0.0008401194658445032,[0]
GOD,NATURAL PHILOSOPHERS,0.0008401194658445032,[0]
GOD,NECESSARY DESIRES,0.0008401194658445032,[0]
GOD,NECESSARY REQUIREMENTS,0.0008401194658445032,[0]
GOD,NECESSITY DESTROYS RESPONSIBILITY,0.0008401194658445032,[0]
GOD,OUTWARD THINGS,0.0008401194658445032,[0]
GOD,OWN ACTIONS,0.0008401194658445032,[0]
GOD,OWN AGENCY,0.0008401194658445032,[0]
GOD,OWN GOOD QUALITIES,0.0008401194658445032,[0]
GOD,PLAIN,0.0008401194658445032,[0]
GOD,PLEASANT LIFE,0.0008401194658445032,[0]
GOD,POSSIBLE PLEASURE,0.0008401194658445032,[0]
GOD,PRECEPTS DAY,0.0008401194658445032,[0]
GOD,PRECIOUS THING,0.0008401194658445032,[0]
GOD,REASON PRUDENCE,0.0008401194658445032,[0]
GOD,RIGHT LIFE,0.0008401194658445032,[0]
GOD,RIGHT UNDERSTANDING,0.0008401194658445032,[0]
GOD,SEARCH THEREOF,0.0008401194658445032,[0]
GOD,SOBER REASONING,0.0008401194658445032,[0]
GOD,SUCCESSFUL ISSUE,0.0008401194658445032,[0]
GOD,SWEETEST ENJOYMENT,0.0008401194658445032,[0]
GOD,TIME PEOPLE SHUN DEATH,0.0008401194658445032,[0]
GOD,TRUE PRECONCEPTIONS,0.0008401194658445032,[0]
GOD,UNBROKEN SUCCESSION,0.0008401194658445032,[0]
GOD,WATER CONFER,0.0008401194658445032,[0]
GOD,WISE PERSON,0.0008401194658445032,[0]
GOOD END SPEAKS,GOOD THING,0.0008401194658445032,[0]
GOOD END SPEAKS,GOOD THINGS,0.0008401194658445032,[0]
GOOD END SPEAKS,GROUNDLESS PAIN,0.0008401194658445032,[0]
GOOD END SPEAKS,HADES,0.0008401194658445032,[0]
GOOD END SPEAKS,HAPPY LIFE,0.0008401194658445032,[0]
GOOD END SPEAKS,HUNGRY LIPS,0.0008401194658445032,[0]
GOOD END SPEAKS,IMMORTAL BLESSINGS,0.0008401194658445032,[0]
GOOD END SPEAKS,INEXPENSIVE DIET SUPPLIES,0.0008401194658445032,[0]
GOOD END SPEAKS,LONG TIME,0.0008401194658445032,[0]
GOOD END SPEAKS,LUXURIOUS TABLE,0.0008401194658445032,[0]
GOOD END SPEAKS,NATIVE GOOD,0.0008401194658445032,[0]
GOOD END SPEAKS,NATURAL PHILOSOPHERS,0.0008401194658445032,[0]
GOOD END SPEAKS,NECESSARY DESIRES,0.0008401194658445032,[0]
GOOD END SPEAKS,NECESSARY REQUIREMENTS,0.0008401194658445032,[0]
GOOD END SPEAKS,NECESSITY DESTROYS RESPONSIBILITY,0.0008401194658445032,[0]
GOOD END SPEAKS,OUTWARD THINGS,0.0008401194658445032,[0]
GOOD END SPEAKS,OWN ACTIONS,0.0008401194658445032,[0]
GOOD END SPEAKS,OWN AGENCY,0.0008401194658445032,[0]
GOOD END SPEAKS,OWN GOOD QUALITIES,0.0008401194658445032,[0]
GOOD END SPEAKS,PLAIN,0.0008401194658445032,[0]
GOOD END SPEAKS,PLEASANT LIFE,0.0008401194658445032,[0]
GOOD END SPEAKS,POSSIBLE PLEASURE,0.0008401194658445032,[0]
GOOD END SPEAKS,PRECEPTS DAY,0.0008401194658445032,[0]
GOOD END SPEAKS,PRECIOUS THING,0.0008401194658445032,[0]
GOOD END SPEAKS,REASON PRUDENCE,0.0008401194658445032,[0]
GOOD END SPEAKS,RIGHT LIFE,0.0008401194658445032,[0]
GOOD END SPEAKS,RIGHT UNDERSTANDING,0.0008401194658445032,[0]
GOOD END SPEAKS,SEARCH THEREOF,0.0008401194658445032,[0]
GOOD END SPEAKS,SOBER REASONING,0.0008401194658445032,[0]
GOOD END SPEAKS,SUCCESSFUL ISSUE,0.0008401194658445032,[0]
GOOD END SPEAKS,SWEETEST ENJOYMENT,0.0008401194658445032,[0]
GOOD END SPEAKS,TIME PEOPLE SHUN DEATH,0.0008401194658445032,[0]
GOOD END SPEAKS,TRUE PRECONCEPTIONS,0.0008401194658445032,[0]
GOOD END SPEAKS,UNBROKEN SUCCESSION,0.0008401194658445032,[0]
GOOD END SPEAKS,WATER CONFER,0.0008401194658445032,[0]
GOOD END SPEAKS,WISE PERSON,0.0008401194658445032,[0]
GOOD THING,GOOD THINGS,0.0008401194658445032,[0]
GOOD THING,GROUNDLESS PAIN,0.0008401194658445032,[0]
GOOD THING,HADES,0.0008401194658445032,[0]
GOOD THING,HAPPY LIFE,0.0008401194658445032,[0]
GOOD THING,HUNGRY LIPS,0.0008401194658445032,[0]
GOOD THING,IMMORTAL BLESSINGS,0.0008401194658445032,[0]
GOOD THING,INEXPENSIVE DIET SUPPLIES,0.0008401194658445032,[0]
GOOD THING,LONG TIME,0.0008401194658445032,[0]
GOOD THING,LUXURIOUS TABLE,0.0008401194658445032,[0]
GOOD THING,NATIVE GOOD,0.0008401194658445032,[0]
GOOD THING,NATURAL PHILOSOPHERS,0.0008401194658445032,[0]
GOOD THING,NECESSARY DESIRES,0.0008401194658445032,[0]
GOOD THING,NECESSARY REQUIREMENTS,0.0008401194658445032,[0]
GOOD THING,NECESSITY DESTROYS RESPONSIBILITY,0.0008401194658445032,[0]
GOOD THING,OUTWARD THINGS,0.0008401194658445032,[0]
GOOD THING,OWN ACTIONS,0.0008401194658445032,[0]
GOOD THING,OWN AGENCY,0.0008401194658445032,[0]
GOOD THING,OWN GOOD QUALITIES,0.0008401194658445032,[0]
GOOD THING,PLAIN,0.0008401194658445032,[0]
GOOD THING,PLEASANT LIFE,0.0008401194658445032,[0]
GOOD THING,POSSIBLE PLEASURE,0.0008401194658445032,[0]
GOOD THING,PRECEPTS DAY,0.0008401194658445032,[0]
GOOD THING,PRECIOUS THING,0.0008401194658445032,[0]
GOOD THING,REASON PRUDENCE,0.0008401194658445032,[0]
GOOD THING,RIGHT LIFE,0.0008401194658445032,[0]
GOOD THING,RIGHT UNDERSTANDING,0.0008401194658445032,[0]
GOOD THING,SEARCH THEREOF,0.0008401194658445032,[0]
GOOD THING,SOBER REASONING,0.0008401194658445032,[0]
GOOD THING,SUCCESSFUL ISSUE,0.0008401194658445032,[0]
GOOD THING,SWEETEST ENJOYMENT,0.0008401194658445032,[0]
GOOD THING,TIME PEOPLE SHUN DEATH,0.0008401194658445032,[0]
GOOD THING,TRUE PRECONCEPTIONS,0.0008401194658445032,[0]
GOOD THING,UNBROKEN SUCCESSION,0.0008401194658445032,[0]
GOOD THING,WATER CONFER,0.0008401194658445032,[0]
GOOD THING,WISE PERSON,0.0008401194658445032,[0]
GOOD THINGS,GROUNDLESS PAIN,0.0008401194658445032,[0]
GOOD THINGS,HADES,0.0008401194658445032,[0]
GOOD THINGS,HAPPY LIFE,0.0008401194658445032,[0]
GOOD THINGS,HUNGRY LIPS,0.0008401194658445032,[0]
GOOD THINGS,IMMORTAL BLESSINGS,0.0008401194658445032,[0]
GOOD THINGS,INEXPENSIVE DIET SUPPLIES,0.0008401194658445032,[0]
GOOD THINGS,LONG TIME,0.0008401194658445032,[0]
GOOD THINGS,LUXURIOUS TABLE,0.0008401194658445032,[0]
GOOD THINGS,NATIVE GOOD,0.0008401194658445032,[0]
GOOD THINGS,NATURAL PHILOSOPHERS,0.0008401194658445032,[0]
GOOD THINGS,NECESSARY DESIRES,0.0008401194658445032,[0]
GOOD THINGS,NECESSARY REQUIREMENTS,0.0008401194658445032,[0]
GOOD THINGS,NECESSITY DESTROYS RESPONSIBILITY,0.0008401194658445032,[0]
GOOD THINGS,OUTWARD THINGS,0.0008401194658445032,[0]
GOOD THINGS,OWN ACTIONS,0.0008401194658445032,[0]
GOOD THINGS,OWN AGENCY,0.0008401194658445032,[0]
GOOD THINGS,OWN GOOD QUALITIES,0.0008401194658445032,[0]
GOOD THINGS,PLAIN,0.0008401194658445032,[0]
GOOD THINGS,PLEASANT LIFE,0.0008401194658445032,[0]
GOOD THINGS,POSSIBLE PLEASURE,0.0008401194658445032,[0]
GOOD THINGS,PRECEPTS DAY,0.0008401194658445032,[0]
GOOD THINGS,PRECIOUS THING,0.0008401194658445032,[0]
GOOD THINGS,REASON PRUDENCE,0.0008401194658445032,[0]
GOOD THINGS,RIGHT LIFE,0.0008401194658445032,[0]
GOOD THINGS,RIGHT UNDERSTANDING,0.0008401194658445032,[0]
GOOD THINGS,SEARCH THEREOF,0.0008401194658445032,[0]
GOOD THINGS,SOBER REASONING,0.0008401194658445032,[0]
GOOD THINGS,SUCCESSFUL ISSUE,0.0008401194658445032,[0]
GOOD THINGS,SWEETEST ENJOYMENT,0.0008401194658445032,[0]
GOOD THINGS,TIME PEOPLE SHUN DEATH,0.0008401194658445032,[0]
GOOD THINGS,TRUE PRECONCEPTIONS,0.0008401194658445032,[0]
GOOD THINGS,UNBROKEN SUCCESSION,0.0008401194658445032,[0]
GOOD THINGS,WATER CONFER,0.0008401194658445032,[0]
GOOD THINGS,WISE PERSON,0.0008401194658445032,[0]
GROUNDLESS PAIN,HADES,0.0008401194658445032,[0]
GROUNDLESS PAIN,HAPPY LIFE,0.0008401194658445032,[0]
GROUNDLESS PAIN,HUNGRY LIPS,0.0008401194658445032,[0]
GROUNDLESS PAIN,IMMORTAL BLESSINGS,0.0008401194658445032,[0]
GROUNDLESS PAIN,INEXPENSIVE DIET SUPPLIES,0.0008401194658445032,[0]
GROUNDLESS PAIN,LONG TIME,0.0008401194658445032,[0]
GROUNDLESS PAIN,LUXURIOUS TABLE,0.0008401194658445032,[0]
GROUNDLESS PAIN,NATIVE GOOD,0.0008401194658445032,[0]
GROUNDLESS PAIN,NATURAL PHILOSOPHERS,0.0008401194658445032,[0]
GROUNDLESS PAIN,NECESSARY DESIRES,0.0008401194658445032,[0]
GROUNDLESS PAIN,NECESSARY REQUIREMENTS,0.0008401194658445032,[0]
GROUNDLESS PAIN,NECESSITY DESTROYS RESPONSIBILITY,0.0008401194658445032,[0]
GROUNDLESS PAIN,OUTWARD THINGS,0.0008401194658445032,[0]
GROUNDLESS PAIN,OWN ACTIONS,0.0008401194658445032,[0]
GROUNDLESS PAIN,OWN AGENCY,0.0008401194658445032,[0]
GROUNDLESS PAIN,OWN GOOD QUALITIES,0.0008401194658445032,[0]
GROUNDLESS PAIN,PLAIN,0.0008401194658445032,[0]
GROUNDLESS PAIN,PLEASANT LIFE,0.0008401194658445032,[0]
GROUNDLESS PAIN,POSSIBLE PLEASURE,0.0008401194658445032,[0]
GROUNDLESS PAIN,PRECEPTS DAY,0.0008401194658445032,[0]
GROUNDLESS PAIN,PRECIOUS THING,0.0008401194658445032,[0]
GROUNDLESS PAIN,REASON PRUDENCE,0.0008401194658445032,[0]
GROUNDLESS PAIN,RIGHT LIFE,0.0008401194658445032,[0]
GROUNDLESS PAIN,RIGHT UNDERSTANDING,0.0008401194658445032,[0]
GROUNDLESS PAIN,SEARCH THEREOF,0.0008401194658445032,[0]
GROUNDLESS PAIN,SOBER REASONING,0.0008401194658445032,[0]
GROUNDLESS PAIN,SUCCESSFUL ISSUE,0.0008401194658445032,[0]
GROUNDLESS PAIN,SWEETEST ENJOYMENT,0.0008401194658445032,[0]
GROUNDLESS PAIN,TIME PEOPLE SHUN DEATH,0.0008401194658445032,[0]
GROUNDLESS PAIN,TRUE PRECONCEPTIONS,0.0008401194658445032,[0]
GROUNDLESS PAIN,UNBROKEN SUCCESSION,0.0008401194658445032,[0]
GROUNDLESS PAIN,WATER CONFER,0.0008401194658445032,[0]
GROUNDLESS PAIN,WISE PERSON,0.0008401194658445032,[0]
HADES,HAPPY LIFE,0.0008401194658445032,[0]
HADES,HUNGRY LIPS,0.0008401194658445032,[0]
HADES,IMMORTAL BLESSINGS,0.0008401194658445032,[0]
HADES,INEXPENSIVE DIET SUPPLIES,0.0008401194658445032,[0]
HADES,LONG TIME,0.0008401194658445032,[0]
HADES,LUXURIOUS TABLE,0.0008401194658445032,[0]
HADES,NATIVE GOOD,0.0008401194658445032,[0]
HADES,NATURAL PHILOSOPHERS,0.0008401194658445032,[0]
HADES,NECESSARY DESIRES,0.0008401194658445032,[0]
HADES,NECESSARY REQUIREMENTS,0.0008401194658445032,[0]
HADES,NECESSITY DESTROYS RESPONSIBILITY,0.0008401194658445032,[0]
HADES,OUTWARD THINGS,0.0008401194658445032,[0]
HADES,OWN ACTIONS,0.0008401194658445032,[0]
HADES,OWN AGENCY,0.0008401194658445032,[0]
HADES,OWN GOOD QUALITIES,0.0008401194658445032,[0]
HADES,PLAIN,0.0008401194658445032,[0]
HADES,PLEASANT LIFE,0.0008401194658445032,[0]
HADES,POSSIBLE PLEASURE,0.0008401194658445032,[0]
HADES,PRECEPTS DAY,0.0008401194658445032,[0]
HADES,PRECIOUS THING,0.0008401194658445032,[0]
HADES,REASON PRUDENCE,0.0008401194658445032,[0]
HADES,RIGHT LIFE,0.0008401194658445032,[0]
HADES,RIGHT UNDERSTANDING,0.0008401194658445032,[0]
HADES,SEARCH THEREOF,0.0008401194658445032,[0]
HADES,SOBER REASONING,0.0008401194658445032,[0]
HADES,SUCCESSFUL ISSUE,0.0008401194658445032,[0]
HADES,SWEETEST ENJOYMENT,0.0008401194658445032,[0]
HADES,TIME PEOPLE SHUN DEATH,0.0008401194658445032,[0]
HADES,TRUE PRECONCEPTIONS,0.0008401194658445032,[0]
HADES,UNBROKEN SUCCESSION,0.0008401194658445032,[0]
HADES,WATER CONFER,0.0008401194658445032,[0]
HADES,WISE PERSON,0.0008401194658445032,[0]
HAPPY LIFE,HUNGRY LIPS,0.0008401194658445032,[0]
HAPPY LIFE,IMMORTAL BLESSINGS,0.0008401194658445032,[0]
HAPPY LIFE,INEXPENSIVE DIET SUPPLIES,0.0008401194658445032,[0]
HAPPY LIFE,LONG TIME,0.0008401194658445032,[0]
HAPPY LIFE,LUXURIOUS TABLE,0.0008401194658445032,[0]
HAPPY LIFE,NATIVE GOOD,0.0008401194658445032,[0]
HAPPY LIFE,NATURAL PHILOSOPHERS,0.0008401194658445032,[0]
HAPPY LIFE,NECESSARY DESIRES,0.0008401194658445032,[0]
HAPPY LIFE,NECESSARY REQUIREMENTS,0.0008401194658445032,[0]
HAPPY LIFE,NECESSITY DESTROYS RESPONSIBILITY,0.0008401194658445032,[0]
HAPPY LIFE,OUTWARD THINGS,0.0008401194658445032,[0]
HAPPY LIFE,OWN ACTIONS,0.0008401194658445032,[0]
HAPPY LIFE,OWN AGENCY,0.0008401194658445032,[0]
HAPPY LIFE,OWN GOOD QUALITIES,0.0008401194658445032,[0]
HAPPY LIFE,PLAIN,0.0008401194658445032,[0]
HAPPY LIFE,PLEASANT LIFE,0.0008401194658445032,[0]
HAPPY LIFE,POSSIBLE PLEASURE,0.0008401194658445032,[0]
HAPPY LIFE,PRECEPTS DAY,0.0008401194658445032,[0]
HAPPY LIFE,PRECIOUS THING,0.0008401194658445032,[0]
HAPPY LIFE,REASON PRUDENCE,0.0008401194658445032,[0]
HAPPY LIFE,RIGHT LIFE,0.0008401194658445032,[0]
HAPPY LIFE,RIGHT UNDERSTANDING,0.0008401194658445032,[0]
HAPPY LIFE,SEARCH THEREOF,0.0008401194658445032,[0]
HAPPY LIFE,SOBER REASONING,0.0008401194658445032,[0]
HAPPY LIFE,SUCCESSFUL ISSUE,0.0008401194658445032,[0]
HAPPY LIFE,SWEETEST ENJOYMENT,0.0008401194658445032,[0]
HAPPY LIFE,TIME PEOPLE SHUN DEATH,0.0008401194658445032,[0]
HAPPY LIFE,TRUE PRECONCEPTIONS,0.0008401194658445032,[0]
HAPPY LIFE,UNBROKEN SUCCESSION,0.0008401194658445032,[0]
HAPPY LIFE,WATER CONFER,0.0008401194658445032,[0]
HAPPY LIFE,WISE PERSON,0.0008401194658445032,[0]
HUNGRY LIPS,IMMORTAL BLESSINGS,0.0008401194658445032,[0]
HUNGRY LIPS,INEXPENSIVE DIET SUPPLIES,0.0008401194658445032,[0]
HUNGRY LIPS,LONG TIME,0.0008401194658445032,[0]
HUNGRY LIPS,LUXURIOUS TABLE,0.0008401194658445032,[0]
HUNGRY LIPS,NATIVE GOOD,0.0008401194658445032,[0]
HUNGRY LIPS,NATURAL PHILOSOPHERS,0.0008401194658445032,[0]
HUNGRY LIPS,NECESSARY DESIRES,0.0008401194658445032,[0]
HUNGRY LIPS,NECESSARY REQUIREMENTS,0.0008401194658445032,[0]
HUNGRY LIPS,NECESSITY DESTROYS RESPONSIBILITY,0.0008401194658445032,[0]
HUNGRY LIPS,OUTWARD THINGS,0.0008401194658445032,[0]
HUNGRY LIPS,OWN ACTIONS,0.0008401194658445032,[0]
HUNGRY LIPS,OWN AGENCY,0.0008401194658445032,[0]
HUNGRY LIPS,OWN GOOD QUALITIES,0.0008401194658445032,[0]
HUNGRY LIPS,PLAIN,0.0008401194658445032,[0]
HUNGRY LIPS,PLEASANT LIFE,0.0008401194658445032,[0]
HUNGRY LIPS,POSSIBLE PLEASURE,0.0008401194658445032,[0]
HUNGRY LIPS,PRECEPTS DAY,0.0008401194658445032,[0]
HUNGRY LIPS,PRECIOUS THING,0.0008401194658445032,[0]
HUNGRY LIPS,REASON PRUDENCE,0.0008401194658445032,[0]
HUNGRY LIPS,RIGHT LIFE,0.0008401194658445032,[0]
HUNGRY LIPS,RIGHT UNDERSTANDING,0.0008401194658445032,[0]
HUNGRY LIPS,SEARCH THEREOF,0.0008401194658445032,[0]
HUNGRY LIPS,SOBER REASONING,0.0008401194658445032,[0]
HUNGRY LIPS,SUCCESSFUL ISSUE,0.0008401194658445032,[0]
HUNGRY LIPS,SWEETEST ENJOYMENT,0.0008401194658445032,[0]
HUNGRY LIPS,TIME PEOPLE SHUN DEATH,0.0008401194658445032,[0]
HUNGRY LIPS,TRUE PRECONCEPTIONS,0.0008401194658445032,[0]
HUNGRY LIPS,UNBROKEN SUCCESSION,0.0008401194658445032,[0]
HUNGRY LIPS,WATER CONFER,0.0008401194658445032,[0]
HUNGRY LIPS,WISE PERSON,0.0008401194658445032,[0]
IMMORTAL BLESSINGS,INEXPENSIVE DIET SUPPLIES,0.0008401194658445032,[0]
IMMORTAL BLESSINGS,LONG TIME,0.0008401194658445032,[0]
IMMORTAL BLESSINGS,LUXURIOUS TABLE,0.0008401194658445032,[0]
IMMORTAL BLESSINGS,NATIVE GOOD,0.0008401194658445032,[0]
IMMORTAL BLESSINGS,NATURAL PHILOSOPHERS,0.0008401194658445032,[0]
IMMORTAL BLESSINGS,NECESSARY DESIRES,0.0008401194658445032,[0]
IMMORTAL BLESSINGS,NECESSARY REQUIREMENTS,0.0008401194658445032,[0]
IMMORTAL BLESSINGS,NECESSITY DESTROYS RESPONSIBILITY,0.0008401194658445032,[0]
IMMORTAL BLESSINGS,OUTWARD THINGS,0.0008401194658445032,[0]
IMMORTAL BLESSINGS,OWN ACTIONS,0.0008401194658445032,[0]
IMMORTAL BLESSINGS,OWN AGENCY,0.0008401194658445032,[0]
IMMORTAL BLESSINGS,OWN GOOD QUALITIES,0.0008401194658445032,[0]
IMMORTAL BLESSINGS,PLAIN,0.0008401194658445032,[0]
IMMORTAL BLESSINGS,PLEASANT LIFE,0.0008401194658445032,[0]
IMMORTAL BLESSINGS,POSSIBLE PLEASURE,0.0008401194658445032,[0]
IMMORTAL BLESSINGS,PRECEPTS DAY,0.0008401194658445032,[0]
IMMORTAL BLESSINGS,PRECIOUS THING,0.0008401194658445032,[0]
IMMORTAL BLESSINGS,REASON PRUDENCE,0.0008401194658445032,[0]
IMMORTAL BLESSINGS,RIGHT LIFE,0.0008401194658445032,[0]
IMMORTAL BLESSINGS,RIGHT UNDERSTANDING,0.0008401194658445032,[0]
IMMORTAL BLESSINGS,SEARCH THEREOF,0.0008401194658445032,[0]
IMMORTAL BLESSINGS,SOBER REASONING,0.0008401194658445032,[0]
IMMORTAL BLESSINGS,SUCCESSFUL ISSUE,0.0008401194658445032,[0]
IMMORTAL BLESSINGS,SWEETEST ENJOYMENT,0.0008401194658445032,[0]
IMMORTAL BLESSINGS,TIME PEOPLE SHUN DEATH,0.0008401194658445032,[0]
IMMORTAL BLESSINGS,TRUE PRECONCEPTIONS,0.0008401194658445032,[0]
IMMORTAL BLESSINGS,UNBROKEN SUCCESSION,0.0008401194658445032,[0]
IMMORTAL BLESSINGS,WATER CONFER,0.0008401194658445032,[0]
IMMORTAL BLESSINGS,WISE PERSON,0.0008401194658445032,[0]
INEXPENSIVE DIET SUPPLIES,LONG TIME,0.0008401194658445032,[0]
INEXPENSIVE DIET SUPPLIES,LUXURIOUS TABLE,0.0008401194658445032,[0]
INEXPENSIVE DIET SUPPLIES,NATIVE GOOD,0.0008401194658445032,[0]
INEXPENSIVE DIET SUPPLIES,NATURAL PHILOSOPHERS,0.0008401194658445032,[0]
INEXPENSIVE DIET SUPPLIES,NECESSARY DESIRES,0.0008401194658445032,[0]
INEXPENSIVE DIET SUPPLIES,NECESSARY REQUIREMENTS,0.0008401194658445032,[0]
INEXPENSIVE DIET SUPPLIES,NECESSITY DESTROYS RESPONSIBILITY,0.0008401194658445032,[0]
INEXPENSIVE DIET SUPPLIES,OUTWARD THINGS,0.0008401194658445032,[0]
INEXPENSIVE DIET SUPPLIES,OWN ACTIONS,0.0008401194658445032,[0]
INEXPENSIVE DIET SUPPLIES,OWN AGENCY,0.0008401194658445032,[0]
INEXPENSIVE DIET SUPPLIES,OWN GOOD QUALITIES,0.0008401194658445032,[0]
INEXPENSIVE DIET SUPPLIES,PLAIN,0.0008401194658445032,[0]
INEXPENSIVE DIET SUPPLIES,PLEASANT LIFE,0.0008401194658445032,[0]
INEXPENSIVE DIET SUPPLIES,POSSIBLE PLEASURE,0.0008401194658445032,[0]
INEXPENSIVE DIET SUPPLIES,PRECEPTS DAY,0.0008401194658445032,[0]
INEXPENSIVE DIET SUPPLIES,PRECIOUS THING,0.0008401194658445032,[0]
INEXPENSIVE DIET SUPPLIES,REASON PRUDENCE,0.0008401194658445032,[0]
INEXPENSIVE DIET SUPPLIES,RIGHT LIFE,0.0008401194658445032,[0]
INEXPENSIVE DIET SUPPLIES,RIGHT UNDERSTANDING,0.0008401194658445032,[0]
INEXPENSIVE DIET SUPPLIES,SEARCH THEREOF,0.0008401194658445032,[0]
INEXPENSIVE DIET SUPPLIES,SOBER REASONING,0.0008401194658445032,[0]
INEXPENSIVE DIET SUPPLIES,SUCCESSFUL ISSUE,0.0008401194658445032,[0]
INEXPENSIVE DIET SUPPLIES,SWEETEST ENJOYMENT,0.0008401194658445032,[0]
INEXPENSIVE DIET SUPPLIES,TIME PEOPLE SHUN DEATH,0.0008401194658445032,[0]
INEXPENSIVE DIET SUPPLIES,TRUE PRECONCEPTIONS,0.0008401194658445032,[0]
INEXPENSIVE DIET SUPPLIES,UNBROKEN SUCCESSION,0.0008401194658445032,[0]
INEXPENSIVE DIET SUPPLIES,WATER CONFER,0.0008401194658445032,[0]
INEXPENSIVE DIET SUPPLIES,WISE PERSON,0.0008401194658445032,[0]
LONG TIME,LUXURIOUS TABLE,0.0008401194658445032,[0]
LONG TIME,NATIVE GOOD,0.0008401194658445032,[0]
LONG TIME,NATURAL PHILOSOPHERS,0.0008401194658445032,[0]
LONG TIME,NECESSARY DESIRES,0.0008401194658445032,[0]
LONG TIME,NECESSARY REQUIREMENTS,0.0008401194658445032,[0]
LONG TIME,NECESSITY DESTROYS RESPONSIBILITY,0.0008401194658445032,[0]
LONG TIME,OUTWARD THINGS,0.0008401194658445032,[0]
LONG TIME,OWN ACTIONS,0.0008401194658445032,[0]
LONG TIME,OWN AGENCY,0.0008401194658445032,[0]
LONG TIME,OWN GOOD QUALITIES,0.0008401194658445032,[0]
LONG TIME,PLAIN,0.0008401194658445032,[0]
LONG TIME,PLEASANT LIFE,0.0008401194658445032,[0]
LONG TIME,POSSIBLE PLEASURE,0.0008401194658445032,[0]
LONG TIME,PRECEPTS DAY,0.0008401194658445032,[0]
LONG TIME,PRECIOUS THING,0.0008401194658445032,[0]
LONG TIME,REASON PRUDENCE,0.0008401194658445032,[0]
LONG TIME,RIGHT LIFE,0.0008401194658445032,[0]
LONG TIME,RIGHT UNDERSTANDING,0.0008401194658445032,[0]
LONG TIME,SEARCH THEREOF,0.0008401194658445032,[0]
LONG TIME,SOBER REASONING,0.0008401194658445032,[0]
LONG TIME,SUCCESSFUL ISSUE,0.0008401194658445032,[0]
LONG TIME,SWEETEST ENJOYMENT,0.0008401194658445032,[0]
LONG TIME,TIME PEOPLE SHUN DEATH,0.0008401194658445032,[0]
LONG TIME,TRUE PRECONCEPTIONS,0.0008401194658445032,[0]
LONG TIME,UNBROKEN SUCCESSION,0.0008401194658445032,[0]
LONG TIME,WATER CONFER,0.0008401194658445032,[0]
LONG TIME,WISE PERSON,0.0008401194658445032,[0]
LUXURIOUS TABLE,NATIVE GOOD,0.0008401194658445032,[0]
LUXURIOUS TABLE,NATURAL PHILOSOPHERS,0.0008401194658445032,[0]
LUXURIOUS TABLE,NECESSARY DESIRES,0.0008401194658445032,[0]
LUXURIOUS TABLE,NECESSARY REQUIREMENTS,0.0008401194658445032,[0]
LUXURIOUS TABLE,NECESSITY DESTROYS RESPONSIBILITY,0.0008401194658445032,[0]
LUXURIOUS TABLE,OUTWARD THINGS,0.0008401194658445032,[0]
LUXURIOUS TABLE,OWN ACTIONS,0.0008401194658445032,[0]
LUXURIOUS TABLE,OWN AGENCY,0.0008401194658445032,[0]
LUXURIOUS TABLE,OWN GOOD QUALITIES,0.0008401194658445032,[0]
LUXURIOUS TABLE,PLAIN,0.0008401194658445032,[0]
LUXURIOUS TABLE,PLEASANT LIFE,0.0008401194658445032,[0]
LUXURIOUS TABLE,POSSIBLE PLEASURE,0.0008401194658445032,[0]
LUXURIOUS TABLE,PRECEPTS DAY,0.0008401194658445032,[0]
LUXURIOUS TABLE,PRECIOUS THING,0.0008401194658445032,[0]
LUXURIOUS TABLE,REASON PRUDENCE,0.0008401194658445032,[0]
LUXURIOUS TABLE,RIGHT LIFE,0.0008401194658445032,[0]
LUXURIOUS TABLE,RIGHT UNDERSTANDING,0.0008401194658445032,[0]
LUXURIOUS TABLE,SEARCH THEREOF,0.0008401194658445032,[0]
LUXURIOUS TABLE,SOBER REASONING,0.0008401194658445032,[0]
LUXURIOUS TABLE,SUCCESSFUL ISSUE,0.0008401194658445032,[0]
LUXURIOUS TABLE,SWEETEST ENJOYMENT,0.0008401194658445032,[0]
LUXURIOUS TABLE,TIME PEOPLE SHUN DEATH,0.0008401194658445032,[0]
LUXURIOUS TABLE,TRUE PRECONCEPTIONS,0.0008401194658445032,[0]
LUXURIOUS TABLE,UNBROKEN SUCCESSION,0.0008401194658445032,[0]
LUXURIOUS TABLE,WATER CONFER,0.0008401194658445032,[0]
LUXURIOUS TABLE,WISE PERSON,0.0008401194658445032,[0]
NATIVE GOOD,NATURAL PHILOSOPHERS,0.0008401194658445032,[0]
NATIVE GOOD,NECESSARY DESIRES,0.0008401194658445032,[0]
NATIVE GOOD,NECESSARY REQUIREMENTS,0.0008401194658445032,[0]
NATIVE GOOD,NECESSITY DESTROYS RESPONSIBILITY,0.0008401194658445032,[0]
NATIVE GOOD,OUTWARD THINGS,0.0008401194658445032,[0]
NATIVE GOOD,OWN ACTIONS,0.0008401194658445032,[0]
NATIVE GOOD,OWN AGENCY,0.0008401194658445032,[0]
NATIVE GOOD,OWN GOOD QUALITIES,0.0008401194658445032,[0]
NATIVE GOOD,PLAIN,0.0008401194658445032,[0]
NATIVE GOOD,PLEASANT LIFE,0.0008401194658445032,[0]
NATIVE GOOD,POSSIBLE PLEASURE,0.0008401194658445032,[0]
NATIVE GOOD,PRECEPTS DAY,0.0008401194658445032,[0]
NATIVE GOOD,PRECIOUS THING,0.0008401194658445032,[0]
NATIVE GOOD,REASON PRUDENCE,0.0008401194658445032,[0]
NATIVE GOOD,RIGHT LIFE,0.0008401194658445032,[0]
NATIVE GOOD,RIGHT UNDERSTANDING,0.0008401194658445032,[0]
NATIVE GOOD,SEARCH THEREOF,0.0008401194658445032,[0]
NATIVE GOOD,SOBER REASONING,0.0008401194658445032,[0]
NATIVE GOOD,SUCCESSFUL ISSUE,0.0008401194658445032,[0]
NATIVE GOOD,SWEETEST ENJOYMENT,0.0008401194658445032,[0]
NATIVE GOOD,TIME PEOPLE SHUN DEATH,0.0008401194658445032,[0]
NATIVE GOOD,TRUE PRECONCEPTIONS,0.0008401194658445032,[0]
NATIVE GOOD,UNBROKEN SUCCESSION,0.0008401194658445032,[0]
NATIVE GOOD,WATER CONFER,0.0008401194658445032,[0]
NATIVE GOOD,WISE PERSON,0.0008401194658445032,[0]
NATURAL PHILOSOPHERS,NECESSARY DESIRES,0.0008401194658445032,[0]
NATURAL PHILOSOPHERS,NECESSARY REQUIREMENTS,0.0008401194658445032,[0]
NATURAL PHILOSOPHERS,NECESSITY DESTROYS RESPONSIBILITY,0.0008401194658445032,[0]
NATURAL PHILOSOPHERS,OUTWARD THINGS,0.0008401194658445032,[0]
NATURAL PHILOSOPHERS,OWN ACTIONS,0.0008401194658445032,[0]
NATURAL PHILOSOPHERS,OWN AGENCY,0.0008401194658445032,[0]
NATURAL PHILOSOPHERS,OWN GOOD QUALITIES,0.0008401194658445032,[0]
NATURAL PHILOSOPHERS,PLAIN,0.0008401194658445032,[0]
NATURAL PHILOSOPHERS,PLEASANT LIFE,0.0008401194658445032,[0]
NATURAL PHILOSOPHERS,POSSIBLE PLEASURE,0.0008401194658445032,[0]
NATURAL PHILOSOPHERS,PRECEPTS DAY,0.0008401194658445032,[0]
NATURAL PHILOSOPHERS,PRECIOUS THING,0.0008401194658445032,[0]
NATURAL PHILOSOPHERS,REASON PRUDENCE,0.0008401194658445032,[0]
NATURAL PHILOSOPHERS,RIGHT LIFE,0.0008401194658445032,[0]
NATURAL PHILOSOPHERS,RIGHT UNDERSTANDING,0.0008401194658445032,[0]
NATURAL PHILOSOPHERS,SEARCH THEREOF,0.0008401194658445032,[0]
NATURAL PHILOSOPHERS,SOBER REASONING,0.0008401194658445032,[0]
NATURAL PHILOSOPHERS,SUCCESSFUL ISSUE,0.0008401194658445032,[0]
NATURAL PHILOSOPHERS,SWEETEST ENJOYMENT,0.0008401194658445032,[0]
NATURAL PHILOSOPHERS,TIME PEOPLE SHUN DEATH,0.0008401194658445032,[0]
NATURAL PHILOSOPHERS,TRUE PRECONCEPTIONS,0.0008401194658445032,[0]
NATURAL PHILOSOPHERS,UNBROKEN SUCCESSION,0.0008401194658445032,[0]
NATURAL PHILOSOPHERS,WATER CONFER,0.0008401194658445032,[0]
NATURAL PHILOSOPHERS,WISE PERSON,0.0008401194658445032,[0]
NECESSARY DESIRES,NECESSARY REQUIREMENTS,0.0008401194658445032,[0]
NECESSARY DESIRES,NECESSITY DESTROYS RESPONSIBILITY,0.0008401194658445032,[0]
NECESSARY DESIRES,OUTWARD THINGS,0.0008401194658445032,[0]
NECESSARY DESIRES,OWN ACTIONS,0.0008401194658445032,[0]
NECESSARY DESIRES,OWN AGENCY,0.0008401194658445032,[0]
NECESSARY DESIRES,OWN GOOD QUALITIES,0.0008401194658445032,[0]
NECESSARY DESIRES,PLAIN,0.0008401194658445032,[0]
NECESSARY DESIRES,PLEASANT LIFE,0.0008401194658445032,[0]
NECESSARY DESIRES,POSSIBLE PLEASURE,0.0008401194658445032,[0]
NECESSARY DESIRES,PRECEPTS DAY,0.0008401194658445032,[0]
NECESSARY DESIRES,PRECIOUS THING,0.0008401194658445032,[0]
NECESSARY DESIRES,REASON PRUDENCE,0.0008401194658445032,[0]
NECESSARY DESIRES,RIGHT LIFE,0.0008401194658445032,[0]
NECESSARY DESIRES,RIGHT UNDERSTANDING,0.0008401194658445032,[0]
NECESSARY DESIRES,SEARCH THEREOF,0.0008401194658445032,[0]
NECESSARY DESIRES,SOBER REASONING,0.0008401194658445032,[0]
NECESSARY DESIRES,SUCCESSFUL ISSUE,0.0008401194658445032,[0]
NECESSARY DESIRES,SWEETEST ENJOYMENT,0.0008401194658445032,[0]
NECESSARY DESIRES,TIME PEOPLE SHUN DEATH,0.0008401194658445032,[0]
NECESSARY DESIRES,TRUE PRECONCEPTIONS,0.0008401194658445032,[0]
NECESSARY DESIRES,UNBROKEN SUCCESSION,0.0008401194658445032,[0]
NECESSARY DESIRES,WATER CONFER,0.0008401194658445032,[0]
NECESSARY DESIRES,WISE PERSON,0.0008401194658445032,[0]
NECESSARY REQUIREMENTS,NECESSITY DESTROYS RESPONSIBILITY,0.0008401194658445032,[0]
NECESSARY REQUIREMENTS,OUTWARD THINGS,0.0008401194658445032,[0]
NECESSARY REQUIREMENTS,OWN ACTIONS,0.0008401194658445032,[0]
NECESSARY REQUIREMENTS,OWN AGENCY,0.0008401194658445032,[0]
NECESSARY REQUIREMENTS,OWN GOOD QUALITIES,0.0008401194658445032,[0]
NECESSARY REQUIREMENTS,PLAIN,0.0008401194658445032,[0]
NECESSARY REQUIREMENTS,PLEASANT LIFE,0.0008401194658445032,[0]
NECESSARY REQUIREMENTS,POSSIBLE PLEASURE,0.0008401194658445032,[0]
NECESSARY REQUIREMENTS,PRECEPTS DAY,0.0008401194658445032,[0]
NECESSARY REQUIREMENTS,PRECIOUS THING,0.0008401194658445032,[0]
NECESSARY REQUIREMENTS,REASON PRUDENCE,0.0008401194658445032,[0]
NECESSARY REQUIREMENTS,RIGHT LIFE,0.0008401194658445032,[0]
NECESSARY REQUIREMENTS,RIGHT UNDERSTANDING,0.0008401194658445032,[0]
NECESSARY REQUIREMENTS,SEARCH THEREOF,0.0008401194658445032,[0]
NECESSARY REQUIREMENTS,SOBER REASONING,0.0008401194658445032,[0]
NECESSARY REQUIREMENTS,SUCCESSFUL ISSUE,0.0008401194658445032,[0]
NECESSARY REQUIREMENTS,SWEETEST ENJOYMENT,0.0008401194658445032,[0]
NECESSARY REQUIREMENTS,TIME PEOPLE SHUN DEATH,0.0008401194658445032,[0]
NECESSARY REQUIREMENTS,TRUE PRECONCEPTIONS,0.0008401194658445032,[0]
NECESSARY REQUIREMENTS,UNBROKEN SUCCESSION,0.0008401194658445032,[0]
NECESSARY REQUIREMENTS,WATER CONFER,0.0008401194658445032,[0]
NECESSARY REQUIREMENTS,WISE PERSON,0.0008401194658445032,[0]
NECESSITY DESTROYS RESPONSIBILITY,OUTWARD THINGS,0.0008401194658445032,[0]
NECESSITY DESTROYS RESPONSIBILITY,OWN ACTIONS,0.0008401194658445032,[0]
NECESSITY DESTROYS RESPONSIBILITY,OWN AGENCY,0.0008401194658445032,[0]
NECESSITY DESTROYS RESPONSIBILITY,OWN GOOD QUALITIES,0.0008401194658445032,[0]
NECESSITY DESTROYS RESPONSIBILITY,PLAIN,0.0008401194658445032,[0]
NECESSITY DESTROYS RESPONSIBILITY,PLEASANT LIFE,0.0008401194658445032,[0]
NECESSITY DESTROYS RESPONSIBILITY,POSSIBLE PLEASURE,0.0008401194658445032,[0]
NECESSITY DESTROYS RESPONSIBILITY,PRECEPTS DAY,0.0008401194658445032,[0]
NECESSITY DESTROYS RESPONSIBILITY,PRECIOUS THING,0.0008401194658445032,[0]
NECESSITY DESTROYS RESPONSIBILITY,REASON PRUDENCE,0.0008401194658445032,[0]
NECESSITY DESTROYS RESPONSIBILITY,RIGHT LIFE,0.0008401194658445032,[0]
NECESSITY DESTROYS RESPONSIBILITY,RIGHT UNDERSTANDING,0.0008401194658445032,[0]
NECESSITY DESTROYS RESPONSIBILITY,SEARCH THEREOF,0.0008401194658445032,[0]
NECESSITY DESTROYS RESPONSIBILITY,SOBER REASONING,0.0008401194658445032,[0]
NECESSITY DESTROYS RESPONSIBILITY,SUCCESSFUL ISSUE,0.0008401194658445032,[0]
NECESSITY DESTROYS RESPONSIBILITY,SWEETEST ENJOYMENT,0.0008401194658445032,[0]
NECESSITY DESTROYS RESPONSIBILITY,TIME PEOPLE SHUN DEATH,0.0008401194658445032,[0]
NECESSITY DESTROYS RESPONSIBILITY,TRUE PRECONCEPTIONS,0.0008401194658445032,[0]
NECESSITY DESTROYS RESPONSIBILITY,UNBROKEN SUCCESSION,0.0008401194658445032,[0]
NECESSITY DESTROYS RESPONSIBILITY,WATER CONFER,0.0008401194658445032,[0]
NECESSITY DESTROYS RESPONSIBILITY,WISE PERSON,0.0008401194658445032,[0]
OUTWARD THINGS,OWN ACTIONS,0.0008401194658445032,[0]
OUTWARD THINGS,OWN AGENCY,0.0008401194658445032,[0]
OUTWARD THINGS,OWN GOOD QUALITIES,0.0008401194658445032,[0]
OUTWARD THINGS,PLAIN,0.0008401194658445032,[0]
OUTWARD THINGS,PLEASANT LIFE,0.0008401194658445032,[0]
OUTWARD THINGS,POSSIBLE PLEASURE,0.0008401194658445032,[0]
OUTWARD THINGS,PRECEPTS DAY,0.0008401194658445032,[0]
OUTWARD THINGS,PRECIOUS THING,0.0008401194658445032,[0]
OUTWARD THINGS,REASON PRUDENCE,0.0008401194658445032,[0]
OUTWARD THINGS,RIGHT LIFE,0.0008401194658445032,[0]
OUTWARD THINGS,RIGHT UNDERSTANDING,0.0008401194658445032,[0]
OUTWARD THINGS,SEARCH THEREOF,0.0008401194658445032,[0]
OUTWARD THINGS,SOBER REASONING,0.0008401194658445032,[0]
OUTWARD THINGS,SUCCESSFUL ISSUE,0.0008401194658445032,[0]
OUTWARD THINGS,SWEETEST ENJOYMENT,0.0008401194658445032,[0]
OUTWARD THINGS,TIME PEOPLE SHUN DEATH,0.0008401194658445032,[0]
OUTWARD THINGS,TRUE PRECONCEPTIONS,0.0008401194658445032,[0]
OUTWARD THINGS,UNBROKEN SUCCESSION,0.0008401194658445032,[0]
OUTWARD THINGS,WATER CONFER,0.0008401194658445032,[0]
OUTWARD THINGS,WISE PERSON,0.0008401194658445032,[0]
OWN ACTIONS,OWN AGENCY,0.0008401194658445032,[0]
OWN ACTIONS,OWN GOOD QUALITIES,0.0008401194658445032,[0]
OWN ACTIONS,PLAIN,0.0008401194658445032,[0]
OWN ACTIONS,PLEASANT LIFE,0.0008401194658445032,[0]
OWN ACTIONS,POSSIBLE PLEASURE,0.0008401194658445032,[0]
OWN ACTIONS,PRECEPTS DAY,0.0008401194658445032,[0]
OWN ACTIONS,PRECIOUS THING,0.0008401194658445032,[0]
OWN ACTIONS,REASON PRUDENCE,0.0008401194658445032,[0]
OWN ACTIONS,RIGHT LIFE,0.0008401194658445032,[0]
OWN ACTIONS,RIGHT UNDERSTANDING,0.0008401194658445032,[0]
OWN ACTIONS,SEARCH THEREOF,0.0008401194658445032,[0]
OWN ACTIONS,SOBER REASONING,0.0008401194658445032,[0]
OWN ACTIONS,SUCCESSFUL ISSUE,0.0008401194658445032,[0]
OWN ACTIONS,SWEETEST ENJOYMENT,0.0008401194658445032,[0]
OWN ACTIONS,TIME PEOPLE SHUN DEATH,0.0008401194658445032,[0]
OWN ACTIONS,TRUE PRECONCEPTIONS,0.0008401194658445032,[0]
OWN ACTIONS,UNBROKEN SUCCESSION,0.0008401194658445032,[0]
OWN ACTIONS,WATER CONFER,0.0008401194658445032,[0]
OWN ACTIONS,WISE PERSON,0.0008401194658445032,[0]
OWN AGENCY,OWN GOOD QUALITIES,0.0008401194658445032,[0]
OWN AGENCY,PLAIN,0.0008401194658445032,[0]
OWN AGENCY,PLEASANT LIFE,0.0008401194658445032,[0]
OWN AGENCY,POSSIBLE PLEASURE,0.0008401194658445032,[0]
OWN AGENCY,PRECEPTS DAY,0.0008401194658445032,[0]
OWN AGENCY,PRECIOUS THING,0.0008401194658445032,[0]
OWN AGENCY,REASON PRUDENCE,0.0008401194658445032,[0]
OWN AGENCY,RIGHT LIFE,0.0008401194658445032,[0]
OWN AGENCY,RIGHT UNDERSTANDING,0.0008401194658445032,[0]
OWN AGENCY,SEARCH THEREOF,0.0008401194658445032,[0]
OWN AGENCY,SOBER REASONING,0.0008401194658445032,[0]
OWN AGENCY,SUCCESSFUL ISSUE,0.0008401194658445032,[0]
OWN AGENCY,SWEETEST ENJOYMENT,0.0008401194658445032,[0]
OWN AGENCY,TIME PEOPLE SHUN DEATH,0.0008401194658445032,[0]
OWN AGENCY,TRUE PRECONCEPTIONS,0.0008401194658445032,[0]
OWN AGENCY,UNBROKEN SUCCESSION,0.0008401194658445032,[0]
OWN AGENCY,WATER CONFER,0.0008401194658445032,[0]
OWN AGENCY,WISE PERSON,0.0008401194658445032,[0]
OWN GOOD QUALITIES,PLAIN,0.0008401194658445032,[0]
OWN GOOD QUALITIES,PLEASANT LIFE,0.0008401194658445032,[0]
OWN GOOD QUALITIES,POSSIBLE PLEASURE,0.0008401194658445032,[0]
OWN GOOD QUALITIES,PRECEPTS DAY,0.0008401194658445032,[0]
OWN GOOD QUALITIES,PRECIOUS THING,0.0008401194658445032,[0]
OWN GOOD QUALITIES,REASON PRUDENCE,0.0008401194658445032,[0]
OWN GOOD QUALITIES,RIGHT LIFE,0.0008401194658445032,[0]
OWN GOOD QUALITIES,RIGHT UNDERSTANDING,0.0008401194658445032,[0]
OWN GOOD QUALITIES,SEARCH THEREOF,0.0008401194658445032,[0]
OWN GOOD QUALITIES,SOBER REASONING,0.0008401194658445032,[0]
OWN GOOD QUALITIES,SUCCESSFUL ISSUE,0.0008401194658445032,[0]
OWN GOOD QUALITIES,SWEETEST ENJOYMENT,0.0008401194658445032,[0]
OWN GOOD QUALITIES,TIME PEOPLE SHUN DEATH,0.0008401194658445032,[0]
OWN GOOD QUALITIES,TRUE PRECONCEPTIONS,0.0008401194658445032,[0]
OWN GOOD QUALITIES,UNBROKEN SUCCESSION,0.0008401194658445032,[0]
OWN GOOD QUALITIES,WATER CONFER,0.0008401194658445032,[0]
OWN GOOD QUALITIES,WISE PERSON,0.0008401194658445032,[0]
PLAIN,PLEASANT LIFE,0.0008401194658445032,[0]
PLAIN,POSSIBLE PLEASURE,0.0008401194658445032,[0]
PLAIN,PRECEPTS DAY,0.0008401194658445032,[0]
PLAIN,PRECIOUS THING,0.0008401194658445032,[0]
PLAIN,REASON PRUDENCE,0.0008401194658445032,[0]
PLAIN,RIGHT LIFE,0.0008401194658445032,[0]
PLAIN,RIGHT UNDERSTANDING,0.0008401194658445032,[0]
PLAIN,SEARCH THEREOF,0.0008401194658445032,[0]
PLAIN,SOBER REASONING,0.0008401194658445032,[0]
PLAIN,SUCCESSFUL ISSUE,0.0008401194658445032,[0]
PLAIN,SWEETEST ENJOYMENT,0.0008401194658445032,[0]
PLAIN,TIME PEOPLE SHUN DEATH,0.0008401194658445032,[0]
PLAIN,TRUE PRECONCEPTIONS,0.0008401194658445032,[0]
PLAIN,UNBROKEN SUCCESSION,0.0008401194658445032,[0]
PLAIN,WATER CONFER,0.0008401194658445032,[0]
PLAIN,WISE PERSON,0.0008401194658445032,[0]
PLEASANT LIFE,POSSIBLE PLEASURE,0.0008401194658445032,[0]
PLEASANT LIFE,PRECEPTS DAY,0.0008401194658445032,[0]
PLEASANT LIFE,PRECIOUS THING,0.0008401194658445032,[0]
PLEASANT LIFE,REASON PRUDENCE,0.0008401194658445032,[0]
PLEASANT LIFE,RIGHT LIFE,0.0008401194658445032,[0]
PLEASANT LIFE,RIGHT UNDERSTANDING,0.0008401194658445032,[0]
PLEASANT LIFE,SEARCH THEREOF,0.0008401194658445032,[0]
PLEASANT LIFE,SOBER REASONING,0.0008401194658445032,[0]
PLEASANT LIFE,SUCCESSFUL ISSUE,0.0008401194658445032,[0]
PLEASANT LIFE,SWEETEST ENJOYMENT,0.0008401194658445032,[0]
PLEASANT LIFE,TIME PEOPLE SHUN DEATH,0.0008401194658445032,[0]
PLEASANT LIFE,TRUE PRECONCEPTIONS,0.0008401194658445032,[0]
PLEASANT LIFE,UNBROKEN SUCCESSION,0.0008401194658445032,[0]
PLEASANT LIFE,WATER CONFER,0.0008401194658445032,[0]
PLEASANT LIFE,WISE PERSON,0.0008401194658445032,[0]
POSSIBLE PLEASURE,PRECEPTS DAY,0.0008401194658445032,[0]
POSSIBLE PLEASURE,PRECIOUS THING,0.0008401194658445032,[0]
POSSIBLE PLEASURE,REASON PRUDENCE,0.0008401194658445032,[0]
POSSIBLE PLEASURE,RIGHT LIFE,0.0008401194658445032,[0]
POSSIBLE PLEASURE,RIGHT UNDERSTANDING,0.0008401194658445032,[0]
POSSIBLE PLEASURE,SEARCH THEREOF,0.0008401194658445032,[0]
POSSIBLE PLEASURE,SOBER REASONING,0.0008401194658445032,[0]
POSSIBLE PLEASURE,SUCCESSFUL ISSUE,0.0008401194658445032,[0]
POSSIBLE PLEASURE,SWEETEST ENJOYMENT,0.0008401194658445032,[0]
POSSIBLE PLEASURE,TIME PEOPLE SHUN DEATH,0.0008401194658445032,[0]
POSSIBLE PLEASURE,TRUE PRECONCEPTIONS,0.0008401194658445032,[0]
POSSIBLE PLEASURE,UNBROKEN SUCCESSION,0.0008401194658445032,[0]
POSSIBLE PLEASURE,WATER CONFER,0.0008401194658445032,[0]
POSSIBLE PLEASURE,WISE PERSON,0.0008401194658445032,[0]
PRECEPTS DAY,PRECIOUS THING,0.0008401194658445032,[0]
PRECEPTS DAY,REASON PRUDENCE,0.0008401194658445032,[0]
PRECEPTS DAY,RIGHT LIFE,0.0008401194658445032,[0]
PRECEPTS DAY,RIGHT UNDERSTANDING,0.0008401194658445032,[0]
PRECEPTS DAY,SEARCH THEREOF,0.0008401194658445032,[0]
PRECEPTS DAY,SOBER REASONING,0.0008401194658445032,[0]
PRECEPTS DAY,SUCCESSFUL ISSUE,0.0008401194658445032,[0]
PRECEPTS DAY,SWEETEST ENJOYMENT,0.0008401194658445032,[0]
PRECEPTS DAY,TIME PEOPLE SHUN DEATH,0.0008401194658445032,[0]
PRECEPTS DAY,TRUE PRECONCEPTIONS,0.0008401194658445032,[0]
PRECEPTS DAY,UNBROKEN SUCCESSION,0.0008401194658445032,[0]
PRECEPTS DAY,WATER CONFER,0.0008401194658445032,[0]
PRECEPTS DAY,WISE PERSON,0.0008401194658445032,[0]
PRECIOUS THING,REASON PRUDENCE,0.0008401194658445032,[0]
PRECIOUS THING,RIGHT LIFE,0.0008401194658445032,[0]
PRECIOUS THING,RIGHT UNDERSTANDING,0.0008401194658445032,[0]
PRECIOUS THING,SEARCH THEREOF,0.0008401194658445032,[0]
PRECIOUS THING,SOBER REASONING,0.0008401194658445032,[0]
PRECIOUS THING,SUCCESSFUL ISSUE,0.0008401194658445032,[0]
PRECIOUS THING,SWEETEST ENJOYMENT,0.0008401194658445032,[0]
PRECIOUS THING,TIME PEOPLE SHUN DEATH,0.0008401194658445032,[0]
PRECIOUS THING,TRUE PRECONCEPTIONS,0.0008401194658445032,[0]
PRECIOUS THING,UNBROKEN SUCCESSION,0.0008401194658445032,[0]
PRECIOUS THING,WATER CONFER,0.0008401194658445032,[0]
PRECIOUS THING,WISE PERSON,0.0008401194658445032,[0]
REASON PRUDENCE,RIGHT LIFE,0.0008401194658445032,[0]
REASON PRUDENCE,RIGHT UNDERSTANDING,0.0008401194658445032,[0]
REASON PRUDENCE,SEARCH THEREOF,0.0008401194658445032,[0]
REASON PRUDENCE,SOBER REASONING,0.0008401194658445032,[0]
REASON PRUDENCE,SUCCESSFUL ISSUE,0.0008401194658445032,[0]
REASON PRUDENCE,SWEETEST ENJOYMENT,0.0008401194658445032,[0]
REASON PRUDENCE,TIME PEOPLE SHUN DEATH,0.0008401194658445032,[0]
REASON PRUDENCE,TRUE PRECONCEPTIONS,0.0008401194658445032,[0]
REASON PRUDENCE,UNBROKEN SUCCESSION,0.0008401194658445032,[0]
REASON PRUDENCE,WATER CONFER,0.0008401194658445032,[0]
REASON PRUDENCE,WISE PERSON,0.0008401194658445032,[0]
RIGHT LIFE,RIGHT UNDERSTANDING,0.0008401194658445032,[0]
RIGHT LIFE,SEARCH THEREOF,0.0008401194658445032,[0]
RIGHT LIFE,SOBER REASONING,0.0008401194658445032,[0]
RIGHT LIFE,SUCCESSFUL ISSUE,0.0008401194658445032,[0]
RIGHT LIFE,SWEETEST ENJOYMENT,0.0008401194658445032,[0]
RIGHT LIFE,TIME PEOPLE SHUN DEATH,0.0008401194658445032,[0]
RIGHT LIFE,TRUE PRECONCEPTIONS,0.0008401194658445032,[0]
RIGHT LIFE,UNBROKEN SUCCESSION,0.0008401194658445032,[0]
RIGHT LIFE,WATER CONFER,0.0008401194658445032,[0]
RIGHT LIFE,WISE PERSON,0.0008401194658445032,[0]
RIGHT UNDERSTANDING,SEARCH THEREOF,0.0008401194658445032,[0]
RIGHT UNDERSTANDING,SOBER REASONING,0.0008401194658445032,[0]
RIGHT UNDERSTANDING,SUCCESSFUL ISSUE,0.0008401194658445032,[0]
RIGHT UNDERSTANDING,SWEETEST ENJOYMENT,0.0008401194658445032,[0]
RIGHT UNDERSTANDING,TIME PEOPLE SHUN DEATH,0.0008401194658445032,[0]
RIGHT UNDERSTANDING,TRUE PRECONCEPTIONS,0.0008401194658445032,[0]
RIGHT UNDERSTANDING,UNBROKEN SUCCESSION,0.0008401194658445032,[0]
RIGHT UNDERSTANDING,WATER CONFER,0.0008401194658445032,[0]
RIGHT UNDERSTANDING,WISE PERSON,0.0008401194658445032,[0]
SEARCH THEREOF,SOBER REASONING,0.0008401194658445032,[0]
SEARCH THEREOF,SUCCESSFUL ISSUE,0.0008401194658445032,[0]
SEARCH THEREOF,SWEETEST ENJOYMENT,0.0008401194658445032,[0]
SEARCH THEREOF,TIME PEOPLE SHUN DEATH,0.0008401194658445032,[0]
SEARCH THEREOF,TRUE PRECONCEPTIONS,0.0008401194658445032,[0]
SEARCH THEREOF,UNBROKEN SUCCESSION,0.0008401194658445032,[0]
SEARCH THEREOF,WATER CONFER,0.0008401194658445032,[0]
SEARCH THEREOF,WISE PERSON,0.0008401194658445032,[0]
SOBER REASONING,SUCCESSFUL ISSUE,0.0008401194658445032,[0]
SOBER REASONING,SWEETEST ENJOYMENT,0.0008401194658445032,[0]
SOBER REASONING,TIME PEOPLE SHUN DEATH,0.0008401194658445032,[0]
SOBER REASONING,TRUE PRECONCEPTIONS,0.0008401194658445032,[0]
SOBER REASONING,UNBROKEN SUCCESSION,0.0008401194658445032,[0]
SOBER REASONING,WATER CONFER,0.0008401194658445032,[0]
SOBER REASONING,WISE PERSON,0.0008401194658445032,[0]
SUCCESSFUL ISSUE,SWEETEST ENJOYMENT,0.0008401194658445032,[0]
SUCCESSFUL ISSUE,TIME PEOPLE SHUN DEATH,0.0008401194658445032,[0]
SUCCESSFUL ISSUE,TRUE PRECONCEPTIONS,0.0008401194658445032,[0]
SUCCESSFUL ISSUE,UNBROKEN SUCCESSION,0.0008401194658445032,[0]
SUCCESSFUL ISSUE,WATER CONFER,0.0008401194658445032,[0]
SUCCESSFUL ISSUE,WISE PERSON,0.0008401194658445032,[0]
SWEETEST ENJOYMENT,TIME PEOPLE SHUN DEATH,0.0008401194658445032,[0]
SWEETEST ENJOYMENT,TRUE PRECONCEPTIONS,0.0008401194658445032,[0]
SWEETEST ENJOYMENT,UNBROKEN SUCCESSION,0.0008401194658445032,[0]
SWEETEST ENJOYMENT,WATER CONFER,0.0008401194658445032,[0]
SWEETEST ENJOYMENT,WISE PERSON,0.0008401194658445032,[0]
TIME PEOPLE SHUN DEATH,TRUE PRECONCEPTIONS,0.0008401194658445032,[0]
TIME PEOPLE SHUN DEATH,UNBROKEN SUCCESSION,0.0008401194658445032,[0]
TIME PEOPLE SHUN DEATH,WATER CONFER,0.0008401194658445032,[0]
TIME PEOPLE SHUN DEATH,WISE PERSON,0.0008401194658445032,[0]
TRUE PRECONCEPTIONS,UNBROKEN SUCCESSION,0.0008401194658445032,[0]
TRUE PRECONCEPTIONS,WATER CONFER,0.0008401194658445032,[0]
TRUE PRECONCEPTIONS,WISE PERSON,0.0008401194658445032,[0]
UNBROKEN SUCCESSION,WATER CONFER,0.0008401194658445032,[0]
UNBROKEN SUCCESSION,WISE PERSON,0.0008401194658445032,[0]
WATER CONFER,WISE PERSON,0.0008401194658445032,[0]
