title,frequency,text_unit_ids
5TH CHAPTER,1,[0]
ACCIDENTAL DIFFERENCES,1,[0]
ACCOMPLISHES GEAT MARVELS,1,[0]
ACTIVE ELEMENTS,1,[0]
ACTIVE FORCE,1,[0]
ACTIVE MOVEMENTS,1,[0]
ADDUCE HUNDREDS,1,[0]
AFORESAID EARTHY PARTICLES,1,[0]
AFORESAID WATER,1,[0]
ALCHEMY,2,"[0, 1]"
ALEXANDER,1,[0]
ALUM,1,[0]
ANCIENT PHILOSOPHY,1,[0]
ANTHOLOGY,1,[0]
ANTIMONY,1,[0]
AQUA FORTIS,1,[0]
ARAGON,1,[0]
ARISTOTLE,1,[0]
ARNOLD,1,[0]
ART,2,"[0, 1]"
ASTRATUS,1,[0]
AVICENNA,2,"[0, 1]"
AZOTH,1,[0]
BARABBAS,1,[0]
BE,1,[1]
BEGOTTEN THEE,1,[0]
BERNARD,1,[0]
BODIES SUBTLE,1,[0]
BODIES TILL,1,[1]
BODILY SUBSTANCE,2,"[0, 1]"
BOHEMIA,1,[0]
BOOK OBSERVES,1,[0]
BROAD LAW,1,[0]
BU AQUEOUS IMMATURITY,1,[0]
CALID,1,[0]
CERTAIN CLASS,1,[0]
CERTAIN EXTENT IMPURE,1,[0]
CERTAIN SPECIFIC CHARACTER,1,[0]
CERTAIN TENDENCY,1,[0]
CHAMBAR,1,[0]
CHAOS,1,[0]
CHAPTER I,1,[0]
CHAPTER III,1,[0]
CHAPTER VI,1,[0]
CHASTE UNION,1,[0]
CHEMICAL OPERATIONS,1,[0]
CHRIST,1,[0]
CLEAR LIMPID WATER,1,[0]
CLEAR WATER,1,[0]
CODE,1,[0]
COMBUSTIBLE SULPHUR,1,[0]
COMMON GENERATION,1,[1]
COMPLETE COMPLEXION,1,[0]
COPPER COAGULATES,1,[1]
CORROSIVE WATERS,1,[0]
CRUDE BODY,1,[1]
DAMP SPOT,1,[0]
DANTIUS,1,[0]
DEAD BODY,1,[0]
DIFFERENCE EXISTS,1,[0]
DIFFERENT,1,[0]
DIFFERENT BRANCHES,1,[0]
DIFFERENT COUNTRIES,1,[0]
DIFFERENT DEGREES,1,[0]
DIFFERENT METALS,1,[0]
DIFFERENT SPECIES,1,[0]
DIFFERENT WAYS,1,[0]
DIGEST VEGETABLES,1,[0]
DILIGENT IMBIBITION,1,[1]
DISSOLVE BODIES,1,[0]
DISSOLVE METALS,1,[0]
DISSOLVES BODIES,1,[0]
DISSOLVES HUMIDITY,1,[1]
DOST,1,[0]
DRAGON,1,[0]
DRY POWDER,1,[0]
DUCTILE THINGS,1,[0]
DUE METALLIC PROPORTION,1,[0]
EARTHY COLDNESS,1,[0]
ELEMENT ACTS,1,[0]
ELEMENTARY FIRE,1,[0]
ELIXIR,1,[0]
EMBRACE RESULTS,1,[0]
EQUAL MARRIAGE,1,[1]
ETHELIA,2,"[0, 1]"
EXCESSIVE EXTERNAL HEAT,1,[0]
EXERCIT,1,[1]
FAMILIAR ACQUAINTANCE,1,[0]
FATAL ERROR,1,[0]
FEMALE PRINCIPLE,1,[0]
FEMALE SEED,1,[0]
FEMALE SPERM,1,[0]
FERTILE TRACTS,1,[0]
FIERCE FIRE,1,[0]
FIRE HEATS AIR,1,[0]
FIRE PURIFY,1,[0]
FLUID MATTER,1,[0]
FOOLISH PERSONS,1,[0]
FOOLS,1,[0]
FOOLS EXTRACT,1,[0]
FULL CERTAINTY,1,[0]
FUSIBLE EARTH,1,[0]
FUSIBLE THINGS,1,[0]
FUTURE AGES,1,[1]
GENERAL LAWS,1,[0]
GENERATE METALS,1,[0]
GENERATIVE GERM,1,[1]
GENERATIVE VIRTUE,1,[0]
GENERIC EARTH,1,[0]
GENTLE FIRE,1,[0]
GOD,1,[0]
GOLD ADDRESS,1,[0]
GOLDEN WATER,1,[0]
GOOD BREAD,1,[0]
GOOD PURPOSE,1,[0]
GOOD WORKMAN,1,[0]
GRATIANUS,1,[1]
GREAT ARCANUM,1,[0]
GREAT GAIN,1,[0]
GREAT LABOUR,1,[0]
GREAT MISTAKE,1,[0]
GROSS PARTS,1,[1]
GROSS SUBSTANCES,1,[0]
GROUND QUICKSILVER,1,[0]
HAST NEED,1,[0]
HEAT ADHERES,1,[0]
HEAVY OBJECTS,1,[0]
HENCE,1,[0]
HERMES,1,[0]
HOMOGENEOUS BODIES,1,[0]
HOMOGENEOUS SUBSTANCES,1,[0]
HOMOGENEOUS SUBSTANCES COHERE,1,[0]
HOMOGENEOUS THINGS,1,[1]
HOT MALE SEED,1,[0]
HUMID NATURE,1,[0]
IMPERFECT BODY,1,[0]
IMPERFECT METALS,1,[0]
IMPERFECT SUBSTANCES,1,[0]
IMPERIAL MIND,1,[0]
IMPORTANT POINT,1,[1]
IMPURE BODIES,1,[1]
IMPURE BODY,1,[0]
IMPURE EARTH,1,[0]
IMPURE METALLIC BODIES,1,[0]
INACTIVE QUALITIES,1,[0]
INCORPOREAL BODY,2,"[0, 1]"
INCORPOREAL THINGS BODIES,1,[0]
INDIVIDUAL THINGS,1,[0]
INFERIOR BODIES,1,[0]
INMOST PARTS,1,[0]
INMOST PROPERTIES,1,[0]
INTERMEDIATE POSITION,1,[0]
INTIMATE UNION,1,[0]
IRREFRAGABLE QUOTATIONS,1,[0]
JOINS QUICKSILVER,1,[0]
JUDICIOUS PHILOSOPHERS,1,[0]
JUPITER,1,[0]
KNOW,1,[0]
LADDER,1,[0]
LATON,2,"[0, 1]"
LESSER METALS,1,[0]
LESSER MINERALS CORROSIVE WATERS,1,[0]
LETTER,1,[0]
LIGHT OBJECTS,1,[0]
LIGHTS,2,"[0, 1]"
LIMPID WATER,1,[0]
LOFTY EMINENCE,1,[0]
LUCID NATURE,1,[0]
LUNAR,1,[0]
LUNAR STONE,1,[0]
MAGISTERY,2,"[0, 1]"
MAJESTY,1,[0]
MALLEABLE METALS,1,[0]
MATURE QUICKSILVER,1,[0]
MEDICINE,1,[0]
MERCURIAL,1,[0]
MERCURIAL STONE,1,[0]
MERCURY,2,"[0, 1]"
METALLIC BODIES,1,[0]
METALLIC COMPOUND,1,[0]
METALLIC GENUS,1,[0]
METALLIC MATTER,1,[0]
METALLIC PROPORTIONS,1,[0]
METALLIC QUALITIES,1,[0]
METALLIC QUALITY,1,[0]
METALLIC VIRTUE,1,[0]
METALLIC WATER,1,[0]
METALS DIFFER,1,[0]
MIGHTY LORD,1,[0]
MINOR MINERALS,1,[0]
MOON,1,[0]
MORBID HEAT,1,[0]
MORIENUS,2,"[0, 1]"
MORTIFIES BODIES,1,[0]
NATURAL COMPOSITION,1,[0]
NATURAL HEAT,1,[0]
NATURAL HUMIDITY,1,[0]
NATURAL KINGDOMS,1,[0]
NATURAL METHOD,1,[0]
NATURAL SOLUTION,1,[0]
NATURE,1,[0]
NAY,1,[0]
NEW SPECIES,1,[0]
NEW THING,1,[0]
OPERATIONS CONTRARY,1,[0]
ORANGE COLOUR,1,[0]
ORANGE IMPERFECT BODY,1,[1]
ORIGINAL MINERAL QUALITY,1,[0]
ORIGINAL SPERM,1,[0]
OUTWARD APPEARANCE,1,[0]
OWN CASE,1,[0]
OWN EXPERIENCE,1,[0]
OWN EXPERIMENTS,1,[1]
OWN GENUS,1,[0]
OWN HEAT,1,[0]
OWN KIND,1,[0]
OWN LIKENESS,1,[0]
OWN NATURE,1,[0]
OWN PARTICULAR GENUS,1,[0]
OWN PROPER HUMIDITY,1,[0]
OWN PROPER SEED,1,[0]
OWN SEED,1,[0]
PARTICULAR MIXTURE,1,[1]
PARTICULAR OPERATION,1,[0]
PASSIVE BODY,1,[0]
PASSIVE ELEMENTS,1,[0]
PASSIVE MOVEMENTS,1,[0]
PERFECT BODIES,1,[0]
PERFECT BODY,1,[0]
PERFECT FEMALE BODY,1,[0]
PERFECT MALE BODY,1,[0]
PERFECT METALLIC SPECIES,1,[0]
PERFECT TINCTURE,1,[0]
PERMANENT TINCTURE,1,[0]
PETER,1,[0]
PHILOSOPHER,1,[0]
PHILOSOPHER TESTIFIES,1,[0]
PHILOSOPHERS,1,[0]
PHILOSOPHERS EDWARD KELLY,1,[0]
PHILOSOPHICAL STONE,1,[0]
PRESENT TREATISE TIME,1,[0]
PROCESSES TILL,1,[1]
PROPER DEGREE,1,[0]
PROPER METHOD,1,[0]
PROPER SEED,1,[0]
PURE,1,[0]
PURE EARTH,1,[0]
PURE SEED,1,[0]
PURE SOIL,1,[0]
PURE THINGS,1,[1]
PURE WATER,2,"[0, 1]"
PURIFY,1,[0]
PURIFY LATON,1,[0]
QUICKSILVER,1,[0]
QUICKSILVER CONGEALS,1,[1]
RADICAL HUMOUR,1,[0]
REAL BODY,2,"[0, 1]"
RED MAN,2,"[0, 1]"
RED SULPHUR,1,[0]
REJECT,1,[0]
REVEREND FATHER,1,[0]
RHASIS,1,[1]
ROSARY,1,[0]
ROSINUS,1,[0]
SAGES,2,"[0, 1]"
SATURN,1,[1]
SAYS MENALATES,1,[0]
SAYS MERCURY,1,[0]
SEED,1,[0]
SEED SOWN,1,[0]
SENSITIVE THINGS,1,[0]
SEXUAL UNION,1,[0]
SILVER,1,[0]
SILVER COLOUR,1,[0]
SILVER EXHIBITS,1,[0]
SIMILAR CANON,1,[0]
SIMILAR THINGS,1,[0]
SIMPLE DIGESTION,1,[0]
SIMPLE SALT,1,[0]
SOLAR,1,[0]
SOLAR FATNESS,1,[0]
SOLAR STONE,1,[0]
SOLVENT DIFFERS,1,[0]
SOUL PREVENTS,1,[1]
SOUNDING,1,[0]
SOW,1,[0]
SPECIFIC ARRANGEMENT,1,[0]
SPECIFIC FORM,1,[0]
SPECIFIC MERCURIAL NATURE,1,[0]
SPECIFIC METALLIC ARRANGEMENT,1,[0]
SPIRIT,1,[0]
SPIRIT GUARDS,1,[1]
SPIRIT INCOMBUSTIBLE,1,[1]
STIR,1,[1]
STONE,2,"[0, 1]"
STONE ANTIMONY,1,[0]
STONY WILDERNESS,1,[0]
STRONE BODIES,1,[1]
STRONG WATERS,1,[0]
SUBTLE FORM,1,[1]
SUCH CHILDISH EXPERIMENTS,1,[0]
SUCH PROPORTIONS,1,[0]
SULPHUREOUS HEAT,1,[0]
SUN,2,"[0, 1]"
THICK WATER,1,[0]
THOU,1,[0]
THOU ART,1,[0]
THOU DISPUTE,1,[0]
THREEFOLD DIVISION,1,[0]
THY NATURE,1,[0]
THY OPERATION,1,[0]
THY SOUL,1,[0]
TINCTURE,1,[0]
TINGE SULPHUR,1,[0]
TRANSMUTATION,1,[0]
TREVISA,1,[0]
TREVISAN,1,[0]
TRUE BODY,1,[0]
TRUE GENERATION,1,[0]
TRUE PHILOSOPHICAL SOLUTION,1,[1]
TRUE PRINCIPLE,1,[1]
TRUE SCOPE,1,[0]
TRUMPET,1,[0]
TRUTH,1,[0]
TURBA,1,[0]
TURBA PHILOSOPHORUM,1,[0]
UNCERTAIN NOTE,1,[0]
UNCHANGEABLE LAW,1,[0]
UNIVERSAL MATTER,1,[0]
VEGETABLE LIQUID,1,[0]
VENERABLE EARS,1,[0]
VISCOUS PARTS,1,[1]
VISCOUS SUBSTANCE,1,[0]
WANTON SERPENT,1,[0]
WARM WATER,1,[0]
WATER ACTS,1,[0]
WATER WHENCE METALS,1,[1]
WAYS,1,[0]
WHITE HOT ASHES,1,[0]
WHITE INCUMBUSTIBLE SULPHUR,1,[0]
WHITE SISTER,1,[1]
WHITE SULPHUR,1,[0]
WHITE WOMAN,1,[0]
WHITE WOMAN TILL,1,[1]
WHITEN COPPER,1,[1]
WHOEVER NEGLECTS,1,[0]
WHOLE DIFFICULTY,1,[0]
WHOLE LIFE,1,[0]
WHOLE PROCESS,1,[0]
WHOLE SPHERE,1,[0]
WHOLE WORK,1,[0]
WHOSOEVER DRINKS,1,[0]
WONDERFUL LIQUID,1,[0]
WORDS,1,[0]
ZALENTUM,1,[0]
